"","uid_4826","month","day","year","group","location","id","substem","y","x","species","dbh_cm","crown_condition","trunk_damage","comments","problems","field_17","UTMX","UTMY","LatinName","CommonName","SpeciesID","PositionSt","lat","long","geometry","crown_condition_int"
"1","1","September","21","2021","KJCL","SMU campus","1","",NA,NA,"AMLA","5.7","G","N","3.4, 3.8, 3.2, 3.9, 4.2","","",453903.8,4942103.03,"Amelanchier laevis*","Serviceberry or Juneberry",16,"Check position",44.6308045153,-63.5811435254,c(NaN, NaN),"G"
"2","10","September","21","2021","KJCL","SMU campus","10A","a",NA,NA,"QURU","45","G","N","","","",453877.1,4942094.44,"Quercus rubra","Red Oak",103,"Good - Ground Truthed",44.6307254744,-63.581479348,c(NaN, NaN),"G"
"3","10","September","21","2021","KJCL","SMU campus","10B","b",NA,NA,"QURU","37.2","G","N","","","",453877.1,4942094.44,"Quercus rubra","Red Oak",103,"Good - Ground Truthed",44.6307254744,-63.581479348,c(NaN, NaN),"G"
"4","102","September","21","2021","MEGY","SMU campus","102","",NA,NA,"","6","G","N","","","",453810.81,4942301.84,"Cornus kausa","?satomi? Pink dogwood",36,"Good - Ground Truthed",44.6325882405,-63.5823337044,c(NaN, NaN),"G"
"5","103","September","21","2021","MEGY","SMU campus","103","",NA,NA,"","31.3","P","N","","","",453807.49,4942307.64,"Betula papyrifera","Paperbark Birch",21,"Good - Ground Truthed",44.632640239,-63.5823760815,c(NaN, NaN),"FP"
"6","104","September","21","2021","MEGY","SMU campus","104","",NA,NA,"","25.9","G","Y","","","",453807.35,4942309.76,"Betula sp.","Birch",23,"Good - Ground Truthed",44.6326593143,-63.5823780374,c(NaN, NaN),"G"
"7","105","September","21","2021","MEGY","SMU campus","105","",NA,NA,"","59.9","F","Y","","","",453810.53,4942310.86,"Ulmus glabra","English Elm",122,"Good - Ground Truthed",44.632669421,-63.5823380463,c(NaN, NaN),"FP"
"8","106","September","6","2021","MEGY","SMU campus","106","",NA,NA,"","34.5","G","N","","","",453804.63,4942312.13,"Stewartia pseudocamellia","Japanese Stewartia",113,"Good - Ground Truthed",44.6326804743,-63.5824125416,c(NaN, NaN),"G"
"9","108","September","21","2021","MEGY","SMU campus","108","",NA,NA,"","35.3","G","N","","","",453790.42,4942311.99,"Fraxinus excelsior","Ash",48,"Good - Ground Truthed",44.6326783003,-63.5825916737,c(NaN, NaN),"G"
"10","109","September","21","2021","MEGY","SMU campus","109","",NA,NA,"ULMI","55","P","N","","","",453786.15,4942311.71,"Ulmus glabra","English Elm",122,"Good - Ground Truthed",44.6326755051,-63.5826454802,c(NaN, NaN),"FP"
"11","11","September","21","2021","KJCL","SMU campus","11","",NA,NA,"QURU","51.1","G","N","bird box #37","","",453876.22,4942090.18,"Quercus rubra","Red Oak",103,"Good - Ground Truthed",44.6306870692,-63.5814900588,c(NaN, NaN),"G"
"12","110","September","21","2021","MEGY","SMU campus","110","",NA,NA,"ULMI","14","G","N","","","",453773.36,4942306.92,"Sorbus decora","Showy Mountain Ash",111,"Good - Ground Truthed",44.6326315626,-63.5828062914,c(NaN, NaN),"G"
"13","111","September","21","2021","MEGY","SMU campus","111","",NA,NA,"","47","P","N","52.3","","",453762.5,4942303.37,"Ulmus glabra","English Elm",122,"Good - Ground Truthed",44.6325989066,-63.5829428828,c(NaN, NaN),"FP"
"14","112","September","21","2021","MEGY","SMU campus","112","",NA,NA,"","66","G","Y","11.0; species wrong in database","","",453754.6,4942300.85,"Ulmus glabra","English Elm",122,"Good - Ground Truthed",44.632575713,-63.5830422504,c(NaN, NaN),"G"
"15","113","September","21","2021","MEGY","SMU campus","113","",NA,NA,"ACPL","44.8","G","N","37.5","","",453754.86,4942295.63,"Acer platanoides","Norway Maple",5,"Good - Ground Truthed",44.6325287391,-63.5830385021,c(NaN, NaN),"G"
"16","114","September","21","2021","MEGY","SMU campus","114","",NA,NA,"pine sp.","18.8","F","N","5.3, 14.1; ants on trunk; species wrong in database","","",453762.43,4942279.23,"Juniperus sp.","Juniper",61,"Good - Ground Truthed",44.6323815928,-63.5829415899,c(NaN, NaN),"FP"
"17","115","September","21","2021","MEGY","SMU campus","115","",NA,NA,"JUSP","24.1","G","N","5.8; species wrong in database","star next to this one","",453765.68,4942274.25,"Pinus sp.","Pine",93,"Good - Ground Truthed",44.6323369717,-63.5829001688,c(NaN, NaN),"G"
"18","116","September","21","2021","MEGY","SMU campus","116","",NA,NA,"JUSP","23.5","G","N","6.6; species wrong in database","","",453768.61,4942254.26,"Pinus sp.","Pine",93,"Good - Ground Truthed",44.6321572094,-63.5828614295,c(NaN, NaN),"G"
"19","117","September","21","2021","MEGY","SMU campus","117","",NA,NA,"","10.3","G","N","5.7","","",453776.53,4942244.59,"Castanea dentata*","American Chestnut",28,"Good - Ground Truthed",44.6320706692,-63.5827607122,c(NaN, NaN),"G"
"20","119","September","6","2021","MEGY","SMU campus","119","",NA,NA,"MAAM","8","G","N","DBH:5, 5","","",453779.75,4942241.88,"Maackia amurensis","Amur Maakia",67,"Good - Ground Truthed",44.6320464808,-63.5827198741,c(NaN, NaN),"G"
"21","12","September","21","2021","KJCL","SMU campus","12","",NA,NA,"TICO","10.1","G","Y","","","",453873.53,4942088.36,"Tilia cordata","Basswood",116,"Good - Ground Truthed",44.6306705128,-63.5815238067,c(NaN, NaN),"G"
"22","120","September","21","2021","MEGY","SMU campus","120","",NA,NA,"","35.3","F","N","","","",453807.43,4942319.03,"Ulmus glabra","English Elm",122,"Good - Ground Truthed",44.6327427684,-63.5823778634,c(NaN, NaN),"FP"
"23","122","September","6","2021","KJCL","SMU campus","122","",NA,NA,"ULGL","50.9","P","N","adjacent trunk shaved and cut (seperate tree)","","",453826.44,4942325.35,"Ulmus glabra","English Elm",122,"Good - Ground Truthed",44.6328008831,-63.5821387739,c(NaN, NaN),"FP"
"24","124","September","6","2021","KJCL","SMU campus","124","",NA,NA,"ULGL","66.2","F","N","","","",453834.67,4942327.11,"Ulmus glabra","English Elm",122,"Good - Ground Truthed",44.6328172555,-63.5820351768,c(NaN, NaN),"FP"
"25","126","September","6","2021","KJCL","SMU campus","126","",NA,NA,"ACRU","18.6","G","N","DBH:15.7","","",453848.99,4942329.17,"Acer rubrum","Red Maple",8,"Good - Ground Truthed",44.6328367196,-63.5818548302,c(NaN, NaN),"G"
"26","128","September","6","2021","MEGY","SMU campus","128","",NA,NA,"BEPA","25","G","Y","","","",453838.24,4942319.8,"Betula papyrifera","Paperbark Birch",21,"Good - Ground Truthed",44.63275168,-63.5819895122,c(NaN, NaN),"G"
"27","129","September","6","2021","MEGY","SMU campus","129","",NA,NA,"BEPA","9.7","G","Y","","","",453835.35,4942319.7,"Betula papyrifera","Paperbark Birch",21,"Good - Ground Truthed",44.6327505941,-63.5820259374,c(NaN, NaN),"G"
"28","13","September","21","2021","KJCL","SMU campus","13","",NA,NA,"ACRU","6.8","F","Y","","","",453872.27,4942092.16,"Acer rubrum","Red Maple",8,"Good - Ground Truthed",44.6307046397,-63.5815400325,c(NaN, NaN),"FP"
"29","130","September","6","2021","MEGY","SMU campus","130","",NA,NA,"QURO","25.4","G","N","","","",453840.89,4942311.1,"Quercus robur","English Oak",102,"Good - Ground Truthed",44.6326735324,-63.5819553211,c(NaN, NaN),"G"
"30","131","September","6","2021","MEGY","SMU campus","131","",NA,NA,"ACPL","33.5","G","N","insect damage on leaves, fungal disease ","","",453835.69,4942310.96,"Acer platanoides","Norway Maple",5,"Good - Ground Truthed",44.6326719381,-63.5820208646,c(NaN, NaN),"G"
"31","132","September","6","2021","MEGY","SMU campus","132","",NA,NA,"ACPL","25","G","N","fungal disease","","",453836.72,4942307.4,"Acer platanoides","Norway Maple",5,"Good - Ground Truthed",44.632639957,-63.5820075591,c(NaN, NaN),"G"
"32","133","September","6","2021","MEGY","SMU campus","133","",NA,NA,"ACPL","40.5","G","N","diseased leaves","","",453837.24,4942302.22,"Acer platanoides","Norway Maple",5,"Good - Ground Truthed",44.6325933598,-63.5820005375,c(NaN, NaN),"G"
"33","134","September","6","2021","MEGY","SMU campus","134","",NA,NA,"ULGGL","16.5","G","N","","","",453837.93,4942303.09,"Ulmus glabra","English Elm",122,"Good - Ground Truthed",44.6326012359,-63.581991917,c(NaN, NaN),"G"
"34","135","September","6","2021","MEGY","SMU campus","135","",NA,NA,"ACRU","50.5","G","Y","","","",453849.82,4942318.23,"Acer rubrum","Red Maple",8,"Good - Ground Truthed",44.6327382906,-63.5818433824,c(NaN, NaN),"G"
"35","136","September","6","2021","MEGY","SMU campus","136","",NA,NA,"ACRU","47.8","G","Y","","","",453850.31,4942314.5,"Acer rubrum","Red Maple",8,"Good - Ground Truthed",44.6327047444,-63.5818368695,c(NaN, NaN),"G"
"36","137","September","6","2021","KJCL","SMU campus","137","",NA,NA,"QURU","63.3","G","N","","","",453877.11,4942286.74,"Quercus rubra","Red Oak",103,"Check position",44.6324565685,-63.5814965077,c(NaN, NaN),"G"
"37","138","September","6","2021","KJCL","SMU campus","138","",NA,NA,"ULGL","25.5","G","N","","","",453869.66,4942299.59,"Ulmus glabra","Elm",121,"Check position",44.6325717665,-63.5815915844,c(NaN, NaN),"G"
"38","138","September","6","2021","KJCL","SMU campus","138b","b",NA,NA,"ULGL","25.9","G","N","","","",453869.66,4942299.59,"Ulmus glabra","Elm",121,"Check position",44.6325717665,-63.5815915844,c(NaN, NaN),"G"
"39","138","September","6","2021","KJCL","SMU campus","138c","c",NA,NA,"ULGL","34.5","G","N","","","",453869.66,4942299.59,"Ulmus glabra","Elm",121,"Check position",44.6325717665,-63.5815915844,c(NaN, NaN),"G"
"40","139","September","21","2021","MEGY","SMU campus","139","",NA,NA,"","","","","now a stump","","",453865.11,4942314.77,"Larix decidua","European Larch",64,"Good - Ground Truthed",44.6327081254,-63.5816503108,c(NaN, NaN),""
"41","14","September","21","2021","KJCL","SMU campus","14","",NA,NA,"QURU","29.2","G","N","","","",453871.14,4942088.42,"Quercus rubra","Red Oak",103,"Good - Ground Truthed",44.6306708995,-63.5815539417,c(NaN, NaN),"G"
"42","140","September","6","2021","KJCL","SMU campus","140","",NA,NA,"TICO","26.3","F","N","few dead branches","","",453861.07,4942332.21,"Tilia cordata","Basswood",116,"Check position",44.6328648616,-63.5817028113,c(NaN, NaN),"FP"
"43","141","September","6","2021","KJCL","SMU campus","141","",NA,NA,"PHAM","22.1","F","N","DBH: 16.8, 13.4","","",453866.14,4942336.18,"Phellodendron amurense","Amur Cork Tree",87,"Good - Ground Truthed",44.6329009253,-63.5816392508,c(NaN, NaN),"FP"
"44","142","September","6","2021","KJCL","SMU campus","142B","b",NA,NA,"ULGL","76.4","F","Y","damage (browning) on leaves","","",453875.95,4942338.98,"Ulmus glabra","Elm",121,"Good - Ground Truthed",44.6329267608,-63.5815158279,c(NaN, NaN),"FP"
"45","142","September","6","2021","KJCL","SMU campus","142A","a",NA,NA,"ULGL","62","F","Y","Damage (browning) on leaves","","",453875.95,4942338.98,"Ulmus glabra","Elm",121,"Good - Ground Truthed",44.6329267608,-63.5815158279,c(NaN, NaN),"FP"
"46","143","September","6","2021","KJCL","SMU campus","143","",NA,NA,"JUCI","37.5","G","N","butternut? persial walnut? species ID unsure","","",453889.37,4942343.68,"Juglans cinerea","? Butternut",59,"Good - Ground Truthed",44.6329699317,-63.5813470643,c(NaN, NaN),"G"
"47","144","September","6","2021","KJCL","SMU campus","144","",NA,NA,"JUAI","25.7","G","Y","other: 25.1","","",453940.31,4942361.07,"Juglans ailantifolia","Japanese Walnut",58,"Good - Ground Truthed",44.6331297445,-63.5807064243,c(NaN, NaN),"G"
"48","145","September","21","2021","MEGY","SMU campus","145","",NA,NA,"","7.5","G","N","4.8, 3.9","","",453950.12,4942339.36,"Cornus kausa var. chinensis","Chinese Flowering Dogwood",38,"Good - Ground Truthed",44.6329349389,-63.5805808006,c(NaN, NaN),"G"
"49","146","September","21","2021","MEGY","SMU campus","146","",NA,NA,"","101.5","G","N","","","",453955.59,4942331.26,"Acer platanoides ?","Norway Maple",7,"Good - Ground Truthed",44.6328623728,-63.5805111133,c(NaN, NaN),"G"
"50","147","September","21","2021","MEGY","SMU campus","147","",NA,NA,"","130","G","N","","","",453951.77,4942328.4,"Quercus robur","English Oak",102,"Good - Ground Truthed",44.6328363822,-63.5805590153,c(NaN, NaN),"G"
"51","148","September","6","2021","MEGY","SMU campus","148","",NA,NA,"COCO","14.5","G","N","14.5cm, 13.0cm","","",453940.03,4942327.85,"Corylus colurna","Turkish Hazel",40,"Good - Ground Truthed",44.6328306786,-63.580706972,c(NaN, NaN),"G"
"52","149","September","6","2021","MEGY","SMU campus","149","",NA,NA,"SASP","11.5","G","N","diseased leaves, 10.3 cm, 11.7","","",453930.16,4942331.95,"Salix sp.","Willow",108,"Good - Ground Truthed",44.6328669542,-63.580831771,c(NaN, NaN),"G"
"53","15","September","21","2021","KJCL","SMU campus","15","",NA,NA,"BEPA","8.3","G","Y","","","",453869.29,4942086.98,"Betula papyrifera","White Birch",22,"Good - Ground Truthed",44.6306578178,-63.5815771343,c(NaN, NaN),"G"
"54","150","September","6","2021","MEGY","SMU campus","150","",NA,NA,"","25","G","Y","","","",453913.34,4942322.73,"Gleditsia triacanthos","Honey Locust",51,"Good - Ground Truthed",44.6327828767,-63.5810429924,c(NaN, NaN),"G"
"55","151","September","6","2021","MEGY","SMU campus","151","",NA,NA,"","22.4","G","N","8.6, 14","","",453897.37,4942319.42,"Cladrastis lutea","Yellow Wood",34,"Good - Ground Truthed",44.6327520555,-63.5812440283,c(NaN, NaN),"G"
"56","152","September","6","2021","KJCL","SMU campus","152","",NA,NA,"ACGR","8","G","N","","","",453888.61,4942318.2,"Acer griseum","Paperbark Maple",3,"Good - Ground Truthed",44.6327405109,-63.5813543557,c(NaN, NaN),"G"
"57","153","September","6","2021","KJCL","SMU campus","153","",NA,NA,"ACRU","52","G","Y","","","",453882.03,4942309.5,"Acer rubrum","Red Maple",8,"Good - Ground Truthed",44.6326617708,-63.5814365275,c(NaN, NaN),"G"
"58","154","September","21","2021","MEGY","SMU campus","154","",NA,NA,"","52.3","G","Y","","","",453890.38,4942311.21,"Acer rubrum","Red Maple",8,"Good - Ground Truthed",44.6326777002,-63.5813314132,c(NaN, NaN),"G"
"59","155","September","6","2021","MEGY","SMU campus","155","",NA,NA,"CASP","45.7","F","N","DBH: 19.0 cm","","",453898.13,4942309.08,"Chamaecyparus sp.","Cypress",33,"Good - Ground Truthed",44.6326590231,-63.5812335179,c(NaN, NaN),"FP"
"60","156","September","6","2021","MEGY","SMU campus","156","",NA,NA,"","31","G","N","70","","",453902.94,4942309.93,"Chamaecyparus sp.","Cypress",33,"Good - Ground Truthed",44.6326669834,-63.5811729549,c(NaN, NaN),"G"
"61","157","September","6","2021","MEGY","SMU campus","157","",NA,NA,"CASP","24.2","F","N","DBH: 23.0 cm","","",453913.93,4942315.01,"Chamaecyparus sp.","Cypress",33,"Good - Ground Truthed",44.6327134188,-63.5810348609,c(NaN, NaN),"FP"
"62","158","September","6","2021","MEGY","SMU campus","158","",NA,NA,"CASP","26.2","G","N","DBH:20.0 cm, 16.6 cm","","",453917.73,4942316.94,"Chamaecyparus sp.","Cypress",33,"Good - Ground Truthed",44.6327310365,-63.5809871278,c(NaN, NaN),"G"
"63","159","September","6","2021","MEGY","SMU campus","159","",NA,NA,"AREL","14.5","G","Y","13.0, 13.0, 11.2","","",453935.45,4942318.81,"Aralia elata","Japanese Angelica Tree",17,"Good - Ground Truthed",44.6327490065,-63.5807639003,c(NaN, NaN),"G"
"64","16","September","21","2021","KJCL","SMU campus","16","",NA,NA,"ACRU","7.9","F","N","","","",453868.09,4942091.3,"Acer rubrum","Red Maple",8,"Good - Ground Truthed",44.6306966296,-63.5815926505,c(NaN, NaN),"FP"
"65","160","September","6","2021","MEGY","SMU campus","160","",NA,NA,"ACCA","33.5","G","N","","","",453938.12,4942309.25,"Acer campestris","Hedge Maple",2,"Good - Ground Truthed",44.6326631181,-63.5807293815,c(NaN, NaN),"G"
"66","161","September","6","2021","MEGY","SMU campus","161","",NA,NA,"SYRE","16.4","G","N","15.7cm","","",453940.53,4942300.74,"Syringa reticulata var. Ivory Silk","Ivory Silk or Tree Lilac",115,"Good - Ground Truthed",44.6325866652,-63.5806982348,c(NaN, NaN),"G"
"67","162","September","6","2021","MEGY","SMU campus","162","",NA,NA,"TSCA","19","G","N","","","",453939.77,4942295.66,"Tsuga canadensis ?","Eastern Hemlock",118,"Good - Ground Truthed",44.6325408861,-63.58070736,c(NaN, NaN),"G"
"68","163","September","14","2021","MEGY","SMU campus","163","",NA,NA,"PRSE","24.3","G","N","","","",453944.37,4942282.18,"Prunus serrulata var kiku-shidare-sa","Weeping Japanese Cherry",98,"Good - Ground Truthed",44.6324198334,-63.5806481582,c(NaN, NaN),"G"
"69","165","September","14","2021","MEGY","SMU campus","165","",NA,NA,"","18.3","G","N","DBH: 16.9, 8.3, 10.8","","",453929.98,4942276.45,"Magnolia stellata var Royal Star","Star Magnolia",75,"Good - Ground Truthed",44.6323673292,-63.5808290569,c(NaN, NaN),"G"
"70","166","September","14","2021","MEGY","SMU campus","166","",NA,NA,"","17.4","P","N","DBH: 13.4, 7.3, 9.3","","",453926.8,4942275.04,"Malus sp.","Flowering Crab",77,"Good - Ground Truthed",44.6323544324,-63.5808690201,c(NaN, NaN),"FP"
"71","168","September","14","2021","MEGY","SMU campus","168","",NA,NA,"","27","G","N","","","",453932.74,4942271.09,"Quercus robur","English Oak",102,"Good - Ground Truthed",44.6323192552,-63.5807937806,c(NaN, NaN),"G"
"72","169","September","14","2021","MEGY","SMU campus","169","",NA,NA,"","15.4","G","N","DBH: 6.0, 4.3","","",453926.36,4942262.74,"Crataegus laevigatus var Pauls Scarl","Pink May or Hawthorn",41,"Good - Ground Truthed",44.632243679,-63.5808734627,c(NaN, NaN),"G"
"73","170","September","14","2021","MEGY","SMU campus","170","",NA,NA,"","37.3","G","N","","","",453935.98,4942256.41,"Metasequoia glyptostroboides","Dawn Cypress or Dawn Redwood",83,"Good - Ground Truthed",44.6321873128,-63.5807516164,c(NaN, NaN),"G"
"74","171","September","14","2021","MEGY","SMU campus","171","",NA,NA,"","2.2","G","N","Tethered","","",453939.79,4942263.16,"Hibiscus syriacus var. 'Lucy'","Rose of Sharon",54,"Good - Ground Truthed",44.6322483209,-63.5807041903,c(NaN, NaN),"G"
"75","172","September","14","2021","MEGY","SMU campus","172","",NA,NA,"","35","G","N","","","",453942.63,4942267.91,"Juglans nigra*","Black Walnut",60,"Good - Ground Truthed",44.6322912626,-63.5806688132,c(NaN, NaN),"G"
"76","173","September","6","2021","KJCL","SMU campus","173","",NA,NA,"ACPL","89.1","F","Y","fungal disease","","",453958.45,4942291.12,"Acer platanoides","Norway Maple",5,"Good - Ground Truthed",44.632501214,-63.5804714553,c(NaN, NaN),"FP"
"77","174","September","6","2021","KJCL","SMU campus","174","",NA,NA,"ULGL","88.2","G","N","","","",453964.49,4942290.06,"Ulmus glabra","Elm",121,"Good - Ground Truthed",44.6324920588,-63.5803952145,c(NaN, NaN),"G"
"78","175","September","6","2021","KJCL","SMU campus","175","",NA,NA,"ULGL","97","G","Y","","","",453961.57,4942284.99,"Ulmus glabra","Elm",121,"Good - Ground Truthed",44.6324462314,-63.5804315717,c(NaN, NaN),"G"
"79","176","September","6","2021","KJCL","SMU campus","176","",NA,NA,"ULGL","105.4","G","N","","","",453961.36,4942280.89,"Ulmus glabra","Elm",121,"Good - Ground Truthed",44.6324093095,-63.5804338513,c(NaN, NaN),"G"
"80","177","September","14","2021","KJCL","SMU campus","177","",NA,NA,"ULAM","64.5","F","Y","DBH: 55.5","","",453957.04,4942266.09,"Ulmus glabra","Elm",121,"Good - Ground Truthed",44.6322758024,-63.5804869849,c(NaN, NaN),"FP"
"81","178","September","14","2021","KJCL","SMU campus","178","",NA,NA,"ULAM","64.4","F","Y","Leaf damage-browning of edges","","",453953.65,4942260.56,"Ulmus glabra","Elm",121,"Good - Ground Truthed",44.6322258039,-63.5805292259,c(NaN, NaN),"FP"
"82","179","September","14","2021","KJCL","SMU campus","179","",NA,NA,"AEHI","5.7","G","N","insect damage, leaves browning","mislabeled map","",453954.5,4942241.47,"Gymnocladus diocus*","Kentucky Coffee Tree",53,"Good - Ground Truthed",44.6320540093,-63.5805167969,c(NaN, NaN),"G"
"83","18","September","21","2021","KJCL","SMU campus","18","",NA,NA,"ACRU","6.8","F","N","insect damage","","",453866.19,4942084.47,"Acer rubrum","Red Maple",8,"Good - Ground Truthed",44.6306350237,-63.5816159888,c(NaN, NaN),"FP"
"84","180","September","14","2021","KJCL","SMU campus","180","",NA,NA,"Malus Sp.","9.3","G","N","","","",453944.43,4942246.62,"Malus sp.","Weeping Crab Apple",82,"Good - Ground Truthed",44.6320997245,-63.5806442098,c(NaN, NaN),"G"
"85","181","September","14","2021","KJCL","SMU campus","181","",NA,NA,"FREX","74.3","G","N","","","",453937.65,4942247.28,"Fraxinus excelsior","Ash",48,"Good - Ground Truthed",44.6321052312,-63.5807297434,c(NaN, NaN),"G"
"86","182","September","14","2021","KJCL","SMU campus","182","",NA,NA,"SOIN","14","G","Y","Browning leaves, DBH:13.3, 7.0, 8.2, 12.8, 11.4","","",453930.66,4942240.09,"Sorbus intermedia","Swedish Whitebeam",112,"Good - Ground Truthed",44.6320400584,-63.5808172195,c(NaN, NaN),"G"
"87","184","September","14","2021","KJCL","SMU campus","184b","b",NA,NA,"CROM","20","F","Y","","","",453941.3,4942226.79,"Crataegus monogyna","Hawthorn",42,"Good - Ground Truthed",44.6319210133,-63.5806818891,c(NaN, NaN),"FP"
"88","184","September","14","2021","KJCL","SMU campus","184f","f",NA,NA,"CRMO","17.3","F ","Y","9.2cm","","",453941.3,4942226.79,"Crataegus monogyna","Hawthorn",42,"Good - Ground Truthed",44.6319210133,-63.5806818891,c(NaN, NaN),"F "
"89","184","September","14","2021","KJCL","SMU campus","184a","a",NA,NA,"CROM","23.1","F","Y","","","",453941.3,4942226.79,"Crataegus monogyna","Hawthorn",42,"Good - Ground Truthed",44.6319210133,-63.5806818891,c(NaN, NaN),"FP"
"90","184","September","14","2021","KJCL","SMU campus","184c","c",NA,NA,"CROM","10.3","F","N","","","",453941.3,4942226.79,"Crataegus monogyna","Hawthorn",42,"Good - Ground Truthed",44.6319210133,-63.5806818891,c(NaN, NaN),"FP"
"91","184","September","14","2021","KJCL","SMU campus","184d","d",NA,NA,"CRMO","10.3","F","Y","","","",453941.3,4942226.79,"Crataegus monogyna","Hawthorn",42,"Good - Ground Truthed",44.6319210133,-63.5806818891,c(NaN, NaN),"FP"
"92","184","September","14","2021","KJCL","SMU campus","184e","e",NA,NA,"CRMO","14.7","F","Y","","","",453941.3,4942226.79,"Crataegus monogyna","Hawthorn",42,"Good - Ground Truthed",44.6319210133,-63.5806818891,c(NaN, NaN),"FP"
"93","185","September","14","2021","KJCL","SMU campus","185","",NA,NA,"CEJA","41.2","G","N","Couldn't measure @breast height","","",453932.35,4942229.51,"Cerciiphyllum japonicum","Katsura Tree",31,"Good - Ground Truthed",44.6319449251,-63.5807949641,c(NaN, NaN),"G"
"94","186","September","14","2021","MEGY","SMU campus","186","",NA,NA,"","25.9","G","Y","","","",453921.8,4942229.69,"Fraxinus excelsior","Ash",48,"Good - Ground Truthed",44.631945869,-63.5809279819,c(NaN, NaN),"G"
"95","187","September","14","2021","MEGY","SMU campus","187","",NA,NA,"","18.5","G","N","14.4","","",453921.6,4942220.18,"Gleditsia triacanthos","Honey Locust",51,"Good - Ground Truthed",44.6318602467,-63.5809296492,c(NaN, NaN),"G"
"96","188","September","14","2021","MEGY","SMU campus","188","",NA,NA,"","18.3","F","N","","","",453914.94,4942241.08,"Gleditsia triacanthos","Honey Locust",51,"Good - Ground Truthed",44.6320479624,-63.5810154875,c(NaN, NaN),"FP"
"97","189","September","14","2021","KJCL","SMU campus","189","",NA,NA,"Malus Sp.","17","F","N","DBH: 8.6","","",453934.16,4942221.84,"Malus sp.","Flowering Crab 'Makamik'",78,"Good - Ground Truthed",44.6318759954,-63.5807714572,c(NaN, NaN),"FP"
"98","19","September","21","2021","KJCL","SMU campus","19","",NA,NA,"TICO","18.3","G","N","","","",453863.61,4942090.27,"Tilia cordata","Basswood",116,"Good - Ground Truthed",44.6306870699,-63.581649035,c(NaN, NaN),"G"
"99","190","September","14","2021","KJCL","SMU campus","190a","a",NA,NA,"ACPL","45.3","G","Y","Fungal","","",453942.53,4942220.92,"Acer platanoides","Norway Maple",5,"Good - Ground Truthed",44.6318682501,-63.5806658559,c(NaN, NaN),"G"
"100","190","September","14","2021","KJCL","SMU campus","190b","b",NA,NA,"ACPL","34.2","G","Y","Fungal","","",453942.53,4942220.92,"Acer platanoides","Norway Maple",5,"Good - Ground Truthed",44.6318682501,-63.5806658559,c(NaN, NaN),"G"
"101","191","September","14","2021","KJCL","SMU campus","191a","a",NA,NA,"CROM","29.5","F","Y","DBH: 9.8","","",453943.14,4942218.88,"Crataegus monogyna","Hawthorn",42,"Good - Ground Truthed",44.631849925,-63.5806579826,c(NaN, NaN),"FP"
"102","191","September","14","2021","KJCL","SMU campus","191b","b",NA,NA,"CROM","16.6","F","Y","","","",453943.14,4942218.88,"Crataegus monogyna","Hawthorn",42,"Good - Ground Truthed",44.631849925,-63.5806579826,c(NaN, NaN),"FP"
"103","192","September","14","2021","KJCL","SMU campus","192","",NA,NA,"ULAM","33.6","F","N","DBH: 19.8","","",453944.07,4942216.77,"Ulmus glabra","Elm",121,"Good - Ground Truthed",44.6318309903,-63.5806460689,c(NaN, NaN),"FP"
"104","193","September","14","2021","KJCL","SMU campus","193","",NA,NA,"CEOC","33.4","F","N","","","",453942.77,4942213.51,"Celtis occidentalis*","Hackbery",30,"Good - Ground Truthed",44.6318015603,-63.5806621651,c(NaN, NaN),"FP"
"105","194","September","14","2021","KJCL","SMU campus","194","",NA,NA,"ACPA","6.2","G","Y","DBH: 4.1 - Tethered","","",453937.81,4942208.23,"Prunus Padus","European Pin Cherry or Mayday Tree",97,"Good - Ground Truthed",44.6317537116,-63.5807242206,c(NaN, NaN),"G"
"106","195","September","14","2021","KJCL","SMU campus","195","",NA,NA,"BECO","17.6","G","Y","","","",453935.97,4942215.39,"Betula alleghaniensis*","Yellow Birch",19,"Good - Ground Truthed",44.6318180483,-63.5807480598,c(NaN, NaN),"G"
"107","196","September","14","2021","MEGY","SMU campus","196","",NA,NA,"","15.3","G","N","4.3, 5.4","","",453927.56,4942206.93,"Magnolia sp.","var. Wades Memory",74,"Good - Ground Truthed",44.6317413518,-63.5808533231,c(NaN, NaN),"G"
"108","197","September","14","2021","MEGY","SMU campus","197","",NA,NA,"","28.4","G","N","","","",453925.09,4942205.19,"Betula papyrifera","White Birch",22,"Good - Ground Truthed",44.6317255298,-63.5808843055,c(NaN, NaN),"G"
"109","2","September","21","2021","KJCL","SMU campus","2","",NA,NA,"RHTY","4.9","G","N","","","",453901.07,4942101.71,"Rhus typhina","Sumach",106,"Good - Ground Truthed",44.6307924574,-63.5811778227,c(NaN, NaN),"G"
"110","20","September","21","2021","KJCL","SMU campus","20","",NA,NA,"SOAU","4.6","G","Y","4.5, 3.9, 3.5","","",453863.86,4942093.53,"Sorbus aucuparia","Mountain Ash",110,"Good - Ground Truthed",44.6307164326,-63.5816461765,c(NaN, NaN),"G"
"111","200","September","14","2021","MEGY","SMU campus","200","",NA,NA,"GIBI","6.9","G","N","","","",453921.18,4942161.15,"Ostrya virginiana*","Ironwood or Hop-Hornbeam",86,"Check position",44.631328829,-63.5809296429,c(NaN, NaN),"G"
"112","207","September","14","2021","MEGY","SMU campus","207","",NA,NA,"","14","G","N","10.8, 3.5","","",453921.05,4942115.92,"Malus sp.","Flowering Crab 'Profusion'",79,"Check position",44.630921658,-63.5809272201,c(NaN, NaN),"G"
"113","208","September","14","2021","MEGY","SMU campus","208","",NA,NA,"","28","G","N","26.3,27.1, 22.1","","",453946.07,4942191.84,"Fraxinus excelsior","Ash",48,"Good - Ground Truthed",44.6316066974,-63.5806186178,c(NaN, NaN),"G"
"114","21","September","21","2021","KJCL","SMU campus","21","",NA,NA,"SOAU","15.2","F","Y","9.5, 7.4, 9.0, 4.9","","",453861.06,4942089.3,"Sorbus aucuparia","Mountain Ash",110,"Good - Ground Truthed",44.6306781742,-63.5816810944,c(NaN, NaN),"FP"
"115","210","September","14","2021","MEGY","SMU campus","210","",NA,NA,"","26.1","G","N","20, 26.3","e, f?","",453944.69,4942202.06,"Crataegus monogyna","Hawthorn",42,"Good - Ground Truthed",44.6316986099,-63.5806369324,c(NaN, NaN),"G"
"116","210","September","14","2021","KJCL","SMU campus","210d","d",NA,NA,"CRMO","35.5","G","N","","","",453944.69,4942202.06,"Crataegus monogyna","Hawthorn",42,"Good - Ground Truthed",44.6316986099,-63.5806369324,c(NaN, NaN),"G"
"117","210","September","14","2021","KJCL","SMU campus","210b","b",NA,NA,"CRMO","25.2","G","N","","","",453944.69,4942202.06,"Crataegus monogyna","Hawthorn",42,"Good - Ground Truthed",44.6316986099,-63.5806369324,c(NaN, NaN),"G"
"118","210","September","14","2021","KJCL","SMU campus","210c","c",NA,NA,"CRMO","12.6","G","N","","","",453944.69,4942202.06,"Crataegus monogyna","Hawthorn",42,"Good - Ground Truthed",44.6316986099,-63.5806369324,c(NaN, NaN),"G"
"119","210","September","14","2021","KJCL","SMU campus","210a","a",NA,NA,"CRMO","33.6","F","Y","","","",453944.69,4942202.06,"Crataegus monogyna","Hawthorn",42,"Good - Ground Truthed",44.6316986099,-63.5806369324,c(NaN, NaN),"FP"
"120","211","September","14","2021","KJCL","SMU campus","211","",NA,NA,"FREX","63.9","G","N","Bird box","","",453956.08,4942203.83,"Fraxinus excelsior","Ash",48,"Good - Ground Truthed",44.6317152735,-63.5804935005,c(NaN, NaN),"G"
"121","212","September","14","2021","KJCL","SMU campus","212","",NA,NA,"JUNI","16.3","F","N","insect damage, brown leaves","","",453950.09,4942213.52,"Juglans nigra*","Black Walnut",60,"Good - Ground Truthed",44.6318021195,-63.5805698845,c(NaN, NaN),"FP"
"122","213","September","14","2021","KJCL","SMU campus","213","",NA,NA,"MASI","5","F","N","DBH: 4.2, 3.9, 2.9, 2.6. Shrublike","","",453959.29,4942218.67,"Magnolia sieboldii","Siebolds Magnolia",72,"Good - Ground Truthed",44.6318490695,-63.5804543644,c(NaN, NaN),"FP"
"123","214","September","14","2021","KJCL","SMU campus","214","",NA,NA,"CALA","11.2","G","N","","","",453967.08,4942222.58,"Carya lacinosa*","Shellbark Hickory",26,"Good - Ground Truthed",44.6318847666,-63.5803565085,c(NaN, NaN),"G"
"124","215","September","14","2021","KJCL","SMU campus","215","",NA,NA,"QURO","34.2","G","N","Lights and fungal disease","","",453969.18,4942217.73,"Quercus robur","English Oak",102,"Good - Ground Truthed",44.6318412412,-63.5803295991,c(NaN, NaN),"G"
"125","216","September","14","2021","KJCL","SMU campus","216","",NA,NA,"QURO","30","G","Y","Fungal disease","","",453972.65,4942216.15,"Quercus robur","English Oak",102,"Good - Ground Truthed",44.6318272403,-63.5802857119,c(NaN, NaN),"G"
"126","217","September","14","2021","KJCL","SMU campus","217","",NA,NA,"CAOV","8.5","G","N","","","",453979.98,4942221.69,"Carya ovata*","Shagbark Hickory",27,"Good - Ground Truthed",44.6318775811,-63.5801938012,c(NaN, NaN),"G"
"127","218","September","14","2021","KJCL","SMU campus","218","",NA,NA,"MAST","7.7","G","N","DBH: 6.4, 5.0, 4.0, 4.9","","",453987.52,4942225.58,"Magnolia soulangeana","Saucer Magnolia",73,"Good - Ground Truthed",44.6319130819,-63.5800990949,c(NaN, NaN),"G"
"128","219","September","14","2021","KJCL","SMU campus","219","",NA,NA,"FREX","52.7","F","N","DBH: 40.0. insect damage, fungal disease","","",453974.68,4942227.72,"Fraxinus excelsior","Ash",48,"Good - Ground Truthed",44.631931524,-63.580261158,c(NaN, NaN),"FP"
"129","22","September","21","2021","KJCL","SMU campus","22","",NA,NA,"QURU","37.7","G","N","","","",453861.68,4942087.08,"Quercus rubra","Red Oak",103,"Good - Ground Truthed",44.6306582295,-63.5816730788,c(NaN, NaN),"G"
"130","220","September","14","2021","KJCL","SMU campus","220a","a",NA,NA,"FREX","27.8","F","N","fungal stress","mislabeled map","",453972.74,4942233.73,"Ginko biloba","Maidenhair Tree",50,"Good - Ground Truthed",44.631985502,-63.5802861543,c(NaN, NaN),"FP"
"131","220","September","14","2021","KJCL","SMU campus","220b","b",NA,NA,"FREX","29.1","F","N","fungal stress","","",453972.74,4942233.73,"Ginko biloba","Maidenhair Tree",50,"Good - Ground Truthed",44.631985502,-63.5802861543,c(NaN, NaN),"FP"
"132","221","September","14","2021","KJCL","SMU campus","221","",NA,NA,"GIBI","19.5","G","Y","","","",453977.72,4942239.76,"Fraxinus excelsior","Ash",48,"Good - Ground Truthed",44.6320401034,-63.5802239133,c(NaN, NaN),"G"
"133","222","September","14","2021","KJCL","SMU campus","222","",NA,NA,"ACPE","13.9","G","N","DBH: 13.2,9.1","","",453994.71,4942224.87,"Acer pensylvanicum*","Striped/Snake-Bark Maple",4,"Good - Ground Truthed",44.6319071508,-63.5800083885,c(NaN, NaN),"G"
"134","223","September","14","2021","KJCL","SMU campus","223b","b",NA,NA,"FREX","33.5","G","N","","","",453997.19,4942232.26,"Fraxinus excelsior","Ash",48,"Good - Ground Truthed",44.6319738348,-63.5799777862,c(NaN, NaN),"G"
"135","223","September","14","2021","KJCL","SMU campus","223a","a",NA,NA,"FREX","34.6","G","Y","","","",453997.19,4942232.26,"Fraxinus excelsior","Ash",48,"Good - Ground Truthed",44.6319738348,-63.5799777862,c(NaN, NaN),"G"
"136","225","September","14","2021","KJCL","SMU campus","225","",NA,NA,"COAL","8","G","N","","","",454005.83,4942232.89,"Cornus alternifolia*","Alternate-leaved Dogwood",35,"Good - Ground Truthed",44.6319800591,-63.57986892,c(NaN, NaN),"G"
"137","226","September","14","2021","KJCL","SMU campus","226","",NA,NA,"MABR","14.1","G","N","","","",454008.41,4942233.8,"Magnolia brooklynensis","var. Yellow Bird",69,"Good - Ground Truthed",44.6319884161,-63.579836476,c(NaN, NaN),"G"
"138","23","September","21","2021","KJCL","SMU campus","23","",NA,NA,"QURU","44.8","G","Y","bird box #4","","",453864.2,4942083.29,"Quercus rubra","Red Oak",103,"Good - Ground Truthed",44.6306242735,-63.5816409696,c(NaN, NaN),"G"
"139","235","September","14","2021","KJCL","SMU campus","235","",NA,NA,"Malus sp.","20.1","G","N","DBH: 16.7, 17.7, 7.4, 12.8","","",454021.57,4942243.64,"Malus sp.","Flowering Crab 'Profusion'",79,"Good - Ground Truthed",44.6320778385,-63.5796714522,c(NaN, NaN),"G"
"140","236","September","14","2021","KJCL","SMU campus","236","",NA,NA,"AMLA","6.7","G","Y","Shrublike, DBH:3.3, 3.4, 5.2","","",454020.99,4942247.43,"Amelanchier laevis*","Serviceberry or Juneberry",16,"Good - Ground Truthed",44.6321119191,-63.5796791038,c(NaN, NaN),"G"
"141","237","September","14","2021","KJCL","SMU campus","237","",NA,NA,"Malus sp.","17.5","G","N","DBH: 17.2, 9.1, 9.5, 9.9, 6.8","","",454019.64,4942251.96,"Malus sp.","Flowering Crab 'Profusion'",79,"Good - Ground Truthed",44.632152612,-63.579696529,c(NaN, NaN),"G"
"142","238","September","14","2021","KJCL","SMU campus","238","",NA,NA,"Malus sp.","4.3","F","N","DBH: 3.5","","",454017.7,4942258.35,"Malus sp.","Flowering Crab 'Thunder Child'",80,"Good - Ground Truthed",44.632210011,-63.5797215589,c(NaN, NaN),"FP"
"143","239","September","14","2021","KJCL","SMU campus","239","",NA,NA,"Malus sp.","8.6","P","N","DBH: 5.1, 5.1, 5.4","","",454016.61,4942263.42,"Malus sp.","Flowering Crab 'Makamik'",78,"Good - Ground Truthed",44.6322555816,-63.5797357548,c(NaN, NaN),"FP"
"144","24","September","21","2021","KJCL","SMU campus","24","",NA,NA,"TICO","16.4","G","N","","","",453857.82,4942083.36,"Tilia cordata","Basswood",116,"Good - Ground Truthed",44.630624494,-63.5817214054,c(NaN, NaN),"G"
"145","240","September","14","2021","MEGY","SMU campus","240","",NA,NA,"","16.1","F","N","15.3, 9.8","","",454009.05,4942264.3,"Malus sp.","Flowering Crab 'Profusion'",79,"Good - Ground Truthed",44.6322630195,-63.5798311415,c(NaN, NaN),"FP"
"146","241","September","6","2021","KJCL","SMU campus","241","",NA,NA,"ULGL","131.1","G","N","","","",454007.55,4942289.36,"Ulmus glabra","Elm",121,"Good - Ground Truthed",44.6324885148,-63.5798522981,c(NaN, NaN),"G"
"147","242","September","6","2021","KJCL","SMU campus","242","",NA,NA,"ULGL","77.4","G","N","","","",454000.22,4942289.45,"Ulmus glabra","Elm",121,"Good - Ground Truthed",44.6324888558,-63.5799447149,c(NaN, NaN),"G"
"148","243","September","6","2021","KJCL","SMU campus","243","",NA,NA,"","17.9","G","N","not a moutain elm is moutain ash","","",453987.15,4942288.59,"Ulmus glabra","Elm",121,"Good - Ground Truthed",44.6324802772,-63.5801094101,c(NaN, NaN),"G"
"149","244","September","6","2021","KJCL","SMU campus","244","",NA,NA,"ULGL","98.4","G","Y","","","",453982.91,4942299.09,"Ulmus glabra","Elm",121,"Good - Ground Truthed",44.6325745272,-63.5801638051,c(NaN, NaN),"G"
"150","245","September","6","2021","KJCL","SMU campus","245","",NA,NA,"ULGL","88","G","Y","","","",453993.15,4942298.31,"Ulmus glabra","Elm",121,"Good - Ground Truthed",44.6325681613,-63.5800346402,c(NaN, NaN),"G"
"151","246","September","6","2021","KJCL","SMU campus","246","",NA,NA,"ULGL","92.4","G","N","","","",454009.01,4942302.95,"Ulmus glabra","Elm",121,"Good - Ground Truthed",44.6326109461,-63.5798351102,c(NaN, NaN),"G"
"152","247","September","14","2021","MEGY","SMU campus","247","",NA,NA,"","77","G","N","","","",454021.09,4942308.63,"Ulmus glabra","Elm",121,"Good - Ground Truthed",44.6326628508,-63.5796833274,c(NaN, NaN),"G"
"153","248","September","14","2021","KJCL","SMU campus","248","",NA,NA,"ULAM","87.1","G","Y","","","",454035.82,4942307.1,"Ulmus glabra","Elm",121,"Good - Ground Truthed",44.6326500201,-63.57949749,c(NaN, NaN),"G"
"154","249","September","14","2021","KJCL","SMU campus","249","",NA,NA,"ULAM","55.9","G","N","nest box","","",454037.24,4942307.67,"Ulmus glabra","Elm",121,"Good - Ground Truthed",44.6326552421,-63.5794796392,c(NaN, NaN),"G"
"155","250","September","14","2021","KJCL","SMU campus","250","",NA,NA,"ULAM","62.7","G","N","","","",454036.87,4942309.48,"Ulmus glabra","Elm",121,"Good - Ground Truthed",44.6326715121,-63.5794844659,c(NaN, NaN),"G"
"156","251","September","14","2021","KJCL","SMU campus","251","",NA,NA,"ULAM","90.8","G","Y","","","",454043.8,4942313.71,"Ulmus glabra","Elm",121,"Good - Ground Truthed",44.6327100341,-63.5793974786,c(NaN, NaN),"G"
"157","252","September","14","2021","KJCL","SMU campus","252","",NA,NA,"ULAM","69.2","G","N","","","",454046.45,4942313.59,"Ulmus glabra","Elm",121,"Good - Ground Truthed",44.6327091233,-63.5793640594,c(NaN, NaN),"G"
"158","253","September","14","2021","KJCL","SMU campus","253","",NA,NA,"ULAM","78.6","G","N","","","",454049.02,4942313.5,"Ulmus glabra","Elm",121,"Good - Ground Truthed",44.6327084775,-63.5793316515,c(NaN, NaN),"G"
"159","254","September","14","2021","KJCL","SMU campus","254","",NA,NA,"ULAM","106.1","G","Y","nest box","","",454051.75,4942300.61,"Quercus robur","English Oak",102,"Check position",44.6325926157,-63.5792960801,c(NaN, NaN),"G"
"160","255","September","14","2021","KJCL","SMU campus","255","",NA,NA,"ULAM","94.1","G","Y","leaf damage","","",454095.07,4942314,"Ulmus glabra","Elm",121,"Good - Ground Truthed",44.6327159219,-63.5787511457,c(NaN, NaN),"G"
"161","256","September","14","2021","MEGY","SMU campus","256","",NA,NA,"","49","G","N","","","",454122.68,4942309.79,"Aesculus hippocastanum","Horse-Chestnut",14,"Good - Ground Truthed",44.6326797867,-63.578402691,c(NaN, NaN),"G"
"162","257","September","14","2021","MEGY","SMU campus","257","",NA,NA,"","59.5","G","N","","","",454124.85,4942310.14,"Aesculus hippocastanum","Horse-Chestnut",14,"Good - Ground Truthed",44.632683076,-63.5783753652,c(NaN, NaN),"G"
"163","259","September","14","2021","MEGY","SMU campus","259","",NA,NA,"TIAM","49","G","N","","","",454127.79,4942305.53,"Ulmus glabra","Elm",121,"Good - Ground Truthed",44.6326417642,-63.5783378886,c(NaN, NaN),"G"
"164","26","September","21","2021","KJCL","SMU campus","26","",NA,NA,"TICO","27","F","Y","galls and insect damage","","",453876.43,4942076.69,"Tilia cordata","Basswood",116,"Good - Ground Truthed",44.6305656451,-63.5814861988,c(NaN, NaN),"FP"
"165","260","September","14","2021","MEGY","SMU campus","260","",NA,NA,"TIAM","28.1","G","N","","","",454125.27,4942299.78,"Ulmus glabra","Elm",121,"Good - Ground Truthed",44.6325898415,-63.578369144,c(NaN, NaN),"G"
"166","261","September","14","2021","KJCL","SMU campus","261","",NA,NA,"ULAM","56.5","F","N","leaf damage","","",454075.03,4942235.38,"Ulmus glabra","Elm",121,"Good - Ground Truthed",44.6320069003,-63.5789967522,c(NaN, NaN),"FP"
"167","262","September","14","2021","KJCL","SMU campus","262b","b",NA,NA,"","15.2","F","Y","9.0cm, 5.6cm, 6.9cm","","",454079.31,4942236.56,"Crataegus monogyna","Hawthorn",42,"Good - Ground Truthed",44.6320177963,-63.5789429006,c(NaN, NaN),"FP"
"168","262","September","14","2021","KJCL","SMU campus","262a","a",NA,NA,"CRMO","29.2","F","Y","","","",454079.31,4942236.56,"Crataegus monogyna","Hawthorn",42,"Good - Ground Truthed",44.6320177963,-63.5789429006,c(NaN, NaN),"FP"
"169","263","September","14","2021","KJCL","SMU campus","263","",NA,NA,"ULAM","50.9","F","Y","","","",454084.05,4942238.77,"Ulmus glabra","Elm",121,"Good - Ground Truthed",44.6320379937,-63.5788833421,c(NaN, NaN),"FP"
"170","265","September","14","2021","KJCL","SMU campus","265","",NA,NA,"ULAM","23.4","F"," ","23.4cm, 20.1cm, 16.0cm, 15.0cm","","",454095.41,4942241.82,"Ulmus glabra","Elm",121,"Good - Ground Truthed",44.6320661758,-63.5787404016,c(NaN, NaN),"FP"
"171","266","September","14","2021","KJCL","SMU campus","266","",NA,NA,"ULAM","66.2","G","Y","leaf damage","","",454103.55,4942244.11,"Ulmus glabra","Elm",121,"Good - Ground Truthed",44.6320873104,-63.5786379869,c(NaN, NaN),"G"
"172","267","September","14","2021","KJCL","SMU campus","267","",NA,NA,"ULAM","138","F","Y","nest box","","",454117.87,4942249.22,"Ulmus glabra","? American Elm",120,"Good - Ground Truthed",44.6321342254,-63.5784579141,c(NaN, NaN),"FP"
"173","268","September","14","2021","KJCL","SMU campus","268","",NA,NA,"ACSA","34","F","N","","","",454141.04,4942232.04,"Acer saccharum*","Sugar Maple",11,"Good - Ground Truthed",44.6319810493,-63.5781642781,c(NaN, NaN),"FP"
"174","269","September","14","2021","KJCL","SMU campus","269","",NA,NA,"ACPL","52.1","G","N","fungal disease","","",454144.83,4942217.6,"Acer platanoides","Norway Maple",5,"Good - Ground Truthed",44.6318513016,-63.5781152079,c(NaN, NaN),"G"
"175","27","September","21","2021","KJCL","SMU campus","27","",NA,NA,"TICO","25","G","N","galls and insect damage; 22.7","","",453875.01,4942073.25,"Tilia cordata","Basswood",116,"Good - Ground Truthed",44.6305345869,-63.5815037908,c(NaN, NaN),"G"
"176","271","September","14","2021","KJCL","SMU campus","271","",NA,NA,"FREX","24.1","F ","N","","","",454146.51,4942208.58,"Fraxinus excelsior","Ash",48,"Good - Ground Truthed",44.6317702103,-63.5780932224,c(NaN, NaN),"F "
"177","272","September","14","2021","KJCL","SMU campus","272","",NA,NA,"FREX","22.5","G","N","","","",454148.13,4942199.26,"Fraxinus excelsior","Ash",48,"Good - Ground Truthed",44.6316864145,-63.5780719666,c(NaN, NaN),"G"
"178","273","September","14","2021","KJCL","SMU campus","273","",NA,NA,"FREX","20.2","F ","N","DBH:20.2","","",454148.81,4942196.59,"Fraxinus excelsior","Ash",48,"Good - Ground Truthed",44.6316624225,-63.5780631554,c(NaN, NaN),"F "
"179","274","September","14","2021","KJCL","SMU campus","274","",NA,NA,"CRMO","15","F ","N","DBH: 6.8 - fungal disease","","",454151.12,4942188.04,"Crataegus monogyna","Hawthorn",42,"Good - Ground Truthed",44.6315856023,-63.5780332699,c(NaN, NaN),"F "
"180","275","September","14","2021","KJCL","SMU campus","275","",NA,NA,"FREX","65","F ","N","","","",454151.67,4942185.81,"Fraxinus excelsior","Ash",48,"Good - Ground Truthed",44.6315655628,-63.5780261369,c(NaN, NaN),"F "
"181","276","September","14","2021","KJCL","SMU campus","276","",NA,NA,"ULAM","204","F ","N","leaf damage","","",454152.45,4942183.23,"Ulmus glabra","Elm",121,"Good - Ground Truthed",44.6315423873,-63.5780160731,c(NaN, NaN),"F "
"182","277","September","14","2021","KJCL","SMU campus","277","",NA,NA,"FREX","22.5","G","N","","","",454152.37,4942179.52,"Fraxinus excelsior","Ash",48,"Good - Ground Truthed",44.6315089846,-63.5780167502,c(NaN, NaN),"G"
"183","278","September","14","2021","KJCL","SMU campus","278","",NA,NA,"ACRU","63","F ","N","nest box","","",454153.1,4942166.26,"Acer rubrum","Red Maple",8,"Good - Ground Truthed",44.631389664,-63.5780063625,c(NaN, NaN),"F "
"184","280","September","14","2021","KJCL","SMU campus","280","",NA,NA,"SOAU","22.3","F ","Y","DBH: 19.7, 11.3, 14.3, 6.4, 12.3, 10.7, 11.0, 7.7, 15.5, 16.8, 14.6, 6.0, 16.2, 7.7, 7.0, 8.1, 9.6","","",454154.43,4942158.5,"Sorbus aucuparia","Mountain Ash",110,"Good - Ground Truthed",44.6313198929,-63.5779889023,c(NaN, NaN),"F "
"185","281","September","14","2021","KJCL","SMU campus","281","",NA,NA,"FREX","26","F ","N","DBH: 25.1","","",454155.04,4942154.7,"Fraxinus ?","Ash",47,"Good - Ground Truthed",44.631285724,-63.5779808727,c(NaN, NaN),"F "
"186","282","September","14","2021","KJCL","SMU campus","282","",NA,NA,"Walnut sp.","97","F ","Y","Nest box- DBH: 42.9","","",454156,4942147.87,"Juglans ?","Walnut",57,"Good - Ground Truthed",44.6312243013,-63.5779681601,c(NaN, NaN),"F "
"187","283","September","14","2021","KJCL","SMU campus","283","",NA,NA,"FREX","43.8","G","N","","","",454161.23,4942134.81,"Fraxinus excelsior","Ash",48,"Good - Ground Truthed",44.6311070681,-63.5779010606,c(NaN, NaN),"G"
"188","284","September","14","2021","KJCL","SMU campus","284","",NA,NA,"FREX","39.8","G","N","DBH: 25.9","","",454161.63,4942132.59,"Fraxinus excelsior","Ash",48,"Good - Ground Truthed",44.6310871091,-63.5778958197,c(NaN, NaN),"G"
"189","285","September","14","2021","KJCL","SMU campus","285","",NA,NA,"FREX","46.9","G","Y","","","",454162.67,4942130.07,"Fraxinus excelsior","Ash",48,"Good - Ground Truthed",44.6310644902,-63.5778824837,c(NaN, NaN),"G"
"190","29","September","21","2021","KJCL","SMU campus","29","",NA,NA,"MA spp.","18","G","N","","","",453886.61,4942088.35,"Malus sp.","Flowering Crab",77,"Good - Ground Truthed",44.6306712623,-63.5813589126,c(NaN, NaN),"G"
"191","290","September","14","2021","KJCL","SMU campus","290","",NA,NA,"SOIN","7","F ","Y","DHB: 6.5, 6.6, 4.0, 4.1","","",454160.12,4942120.46,"Sorbus intermedia","Swedish Whitebeam",112,"Good - Ground Truthed",44.6309778178,-63.577913772,c(NaN, NaN),"F "
"192","291","September","14","2021","KJCL","SMU campus","291","",NA,NA,"FREX","13.6","G","N","","","",454164.02,4942121.61,"Fraxinus excelsior","Ash",48,"Good - Ground Truthed",44.630988419,-63.5778647091,c(NaN, NaN),"G"
"193","293","September","14","2021","KJCL","SMU campus","293","",NA,NA,"SOAU","14.7","F ","N","DBH: 4.3,3.6,4.2","","",454170.19,4942088.41,"Sorbus aucuparia","Mountain Ash",110,"Good - Ground Truthed",44.6306899444,-63.5777839611,c(NaN, NaN),"F "
"194","296","September","14","2021","KJCL","SMU campus","296","",NA,NA,"Malus sp.","15.3","G","N","","","",454154.07,4942076.11,"Malus sp.","Flowering Crab",77,"Good - Ground Truthed",44.6305781908,-63.5779860794,c(NaN, NaN),"G"
"195","297","September","14","2021","KJCL","SMU campus","297","",NA,NA,"FREX","79.7","F","Y","nest box, cut halfway up","","",454139.03,4942247.09,"Fraxinus excelsior","Ash",48,"Good - Ground Truthed",44.6321164019,-63.578190963,c(NaN, NaN),"FP"
"196","298","September","14","2021","KJCL","SMU campus","298","",NA,NA,"QURU","104.2","G","N","","","",454132.04,4942255.78,"Quercus rubra","Red Oak",103,"Good - Ground Truthed",44.6321941835,-63.5782798616,c(NaN, NaN),"G"
"197","299","September","14","2021","KJCL","SMU campus","299","",NA,NA,"ACPL","38.8","G","Y","fungal disease","","",454129.7,4942253.86,"Acer platanoides","Norway Maple",5,"Good - Ground Truthed",44.6321767502,-63.57830919,c(NaN, NaN),"G"
"198","3","September","21","2021","KJCL","SMU campus","3","",NA,NA,"TICO","16.4","G","N","","","",453896.75,4942100.35,"Tilia cordata","Basswood",116,"Good - Ground Truthed",44.6307799375,-63.5812321607,c(NaN, NaN),"G"
"199","30","September","21","2021","KJCL","SMU campus","30","",NA,NA,"PIMU","38.1","G","N","","","",453893.04,4942076.77,"Pinus mugo","Mountain Pine",91,"Good - Ground Truthed",44.6305674312,-63.5812768122,c(NaN, NaN),"G"
"200","300","September","14","2021","KJCL","SMU campus","300","",NA,NA,"ULAM","103.9","F","Y","","","",454131.5,4942257.07,"Ulmus glabra","Elm",121,"Good - Ground Truthed",44.6322057617,-63.5782867846,c(NaN, NaN),"FP"
"201","301","September","14","2021","KJCL","SMU campus","301","",NA,NA,"ULAM","55","G","N","","","",454132.71,4942263.35,"Ulmus glabra","Elm",121,"Good - Ground Truthed",44.6322623718,-63.5782720917,c(NaN, NaN),"G"
"202","302","September","14","2021","KJCL","SMU campus","302","",NA,NA,"ACPL","33","F","N","nest box, fungal disease","","",454131.49,4942269.24,"Acer platanoides","Norway Maple",5,"Good - Ground Truthed",44.632315316,-63.5782879987,c(NaN, NaN),"FP"
"203","304","September","14","2021","KJCL","SMU campus","304","",NA,NA,"ULAM","38.3","F","N","leaf damage","","",454132.29,4942278.94,"Ulmus glabra","Elm",121,"Good - Ground Truthed",44.632402687,-63.5782787803,c(NaN, NaN),"FP"
"204","305","September","14","2021","KJCL","SMU campus","305","",NA,NA,"ULAM","95","G","N","","","",454131.59,4942281.09,"Ulmus glabra","Elm",121,"Good - Ground Truthed",44.6324219967,-63.5782877973,c(NaN, NaN),"G"
"205","306","September","14","2021","KJCL","SMU campus","306","",NA,NA,"ULAM","50.3","G","Y","nest box","","",454126.9,4942284.23,"Ulmus glabra","Elm",121,"Good - Ground Truthed",44.6324499637,-63.5783472044,c(NaN, NaN),"G"
"206","307","September","14","2021","MEGY","SMU campus","307","",NA,NA,"TIAM","91.8","G","Y","","","",454129.62,4942310.85,"Tilia cordata","Basswood",116,"Good - Ground Truthed",44.6326897719,-63.5783152935,c(NaN, NaN),"G"
"207","308","September","14","2021","MEGY","SMU campus","308","",NA,NA,"","36.4","G","N","Galls","","",454123.01,4942331.7,"Acer platanoides ?","Norway Maple",7,"Good - Ground Truthed",44.6328770427,-63.5784004898,c(NaN, NaN),"G"
"208","309","September","14","2021","MEGY","SMU campus","309","",NA,NA,"","38.7","G","N","DBH: 31.5","","",454126.02,4942336.06,"Acer rubrum ?","Red Maple",9,"Good - Ground Truthed",44.6329164838,-63.5783629326,c(NaN, NaN),"G"
"209","310","September","14","2021","MEGY","SMU campus","310","",NA,NA,"","58.4","G","N","scorched leaves","id on map","",454129.72,4942342.91,"Acer platanoides","Norway Maple",5,"Good - Ground Truthed",44.632978384,-63.5783168991,c(NaN, NaN),"G"
"210","312","September","14","2021","MEGY","SMU campus","312","",NA,NA,"","40.2","G","Y","scorched leaves","id on map","",454130.3,4942349.18,"Ulmus glabra","Elm",121,"Good - Ground Truthed",44.6330348639,-63.5783101476,c(NaN, NaN),"G"
"211","313","September","14","2021","MEGY","SMU campus","313","",NA,NA,"","58","G","N","","id on map","",454131.19,4942356.96,"Ulmus glabra","Elm",121,"Good - Ground Truthed",44.6331049566,-63.5782996229,c(NaN, NaN),"G"
"212","314","September","14","2021","MEGY","SMU campus","314","",NA,NA,"","22.8","G","N","","id on map","",454131.05,4942366.02,"Ulmus glabra","Elm",121,"Good - Ground Truthed",44.6331865063,-63.5783021978,c(NaN, NaN),"G"
"213","315","September","14","2021","MEGY","SMU campus","315","",NA,NA,"","20.2","G","N","scorched leaves","id on map","",454131.03,4942370.28,"Ulmus glabra","Elm",121,"Good - Ground Truthed",44.6332248537,-63.5783028308,c(NaN, NaN),"G"
"214","316","September","14","2021","MEGY","SMU campus","316","",NA,NA,"","32.5","G","Y","DBH: 31, 29.3, 26.2. Scorched leaves","id on map","",454127.86,4942370.38,"Ulmus glabra","Elm",121,"Good - Ground Truthed",44.6332255515,-63.5783428042,c(NaN, NaN),"G"
"215","317","September","14","2021","MEGY","SMU campus","317","",NA,NA,"","53.5","G","N","","id on map","",454104.86,4942377.76,"Robinia pseudoacacia","Black Locust",107,"Good - Ground Truthed",44.6332905179,-63.578633427,c(NaN, NaN),"G"
"216","318","September","14","2021","MEGY","SMU campus","318","",NA,NA,"","28.1","G","N","","id on map","",454082.57,4942407.04,"Ulmus glabra","Elm",121,"Good - Ground Truthed",44.6335526738,-63.5789170595,c(NaN, NaN),"G"
"217","319","September","14","2021","KJCL","SMU campus","319","",NA,NA,"ULAM","113.2","F","Y","nest box","","",454002.9,4942326.97,"Ulmus americana","American Elm",119,"Good - Ground Truthed",44.6328267842,-63.579914292,c(NaN, NaN),"FP"
"218","32","September","21","2021","KJCL","SMU campus","32","",NA,NA,"PIMU","14.4","G","N","","","",453892.96,4942063.03,"Pinus mugo","Mountain Pine",91,"Good - Ground Truthed",44.6304437379,-63.5812765862,c(NaN, NaN),"G"
"219","321","September","14","2021","MEGY","SMU campus","321","",NA,NA,"","90.1","G","Y","scorched leaves","id on map","",454135.03,4942390.49,"Ulmus glabra","Elm",121,"Good - Ground Truthed",44.6334070404,-63.5782542092,c(NaN, NaN),"G"
"220","322","September","14","2021","MEGY","SMU campus","322","",NA,NA,"","56.8","G","Y","scorched leaves","id on map","",454138.58,4942391.82,"Ulmus glabra","Elm",121,"Good - Ground Truthed",44.6334192398,-63.5782095728,c(NaN, NaN),"G"
"221","323","September","14","2021","MEGY","SMU campus","323","",NA,NA,"","57.5","G","N","scorched leaves","id on map","",454134.15,4942414.37,"Ulmus glabra","Elm",121,"Good - Ground Truthed",44.6336219532,-63.5782674383,c(NaN, NaN),"G"
"222","325","September","14","2021","MEGY","SMU campus","325","",NA,NA,"","54.4","G","N","DBH: 51.6","id on map","",454128.1,4942415.03,"Ulmus glabra","Elm",121,"Good - Ground Truthed",44.6336275083,-63.5783437706,c(NaN, NaN),"G"
"223","326","September","14","2021","MEGY","SMU campus","326","",NA,NA,"","44.6","G","Y","","id on map","",454122.28,4942415.38,"Ulmus glabra","Elm",121,"Good - Ground Truthed",44.6336302874,-63.5784171756,c(NaN, NaN),"G"
"224","327","September","14","2021","MEGY","SMU campus","327","",NA,NA,"","13.8","G","N","DBH: 12.4, 13.4","id on map","",454117.96,4942411.52,"Robinia pseudoacacia","Black Locust",107,"Good - Ground Truthed",44.6335952637,-63.5784712933,c(NaN, NaN),"G"
"225","328","September","14","2021","MEGY","SMU campus","328","",NA,NA,"","77.4","G","Y","DBH: 38.8","id on map","",454114.56,4942405.67,"Ulmus glabra","Elm",121,"Good - Ground Truthed",44.6335423846,-63.5785136344,c(NaN, NaN),"G"
"226","329","September","14","2021","MEGY","SMU campus","329","",NA,NA,"","45.3","G","N","DBH: 26.0,33.0","id on map","",454108.18,4942412.41,"Ulmus glabra","Elm",121,"Good - Ground Truthed",44.6336026509,-63.5785946709,c(NaN, NaN),"G"
"227","33","September","21","2021","KJCL","SMU campus","33","",NA,NA,"BEPA","22.3","F","N","20.2","","",453889.73,4942063.36,"Betula papyrifera","White Birch",22,"Good - Ground Truthed",44.6304465013,-63.5813173347,c(NaN, NaN),"FP"
"228","330","September","14","2021","MEGY","SMU campus","330","",NA,NA,"","73.1","G","N","scorched leaves","id on map","",454102.94,4942413.42,"Ulmus glabra","Elm",121,"Good - Ground Truthed",44.6336114083,-63.5786608227,c(NaN, NaN),"G"
"229","331","September","14","2021","MEGY","SMU campus","331","",NA,NA,"","40.7","G","N","","id on map","",454072.1,4942404.9,"Ulmus glabra","Elm",121,"Good - Ground Truthed",44.6335327402,-63.5790488647,c(NaN, NaN),"G"
"230","332","September","14","2021","MEGY","SMU campus","332","",NA,NA,"","52.8","G","N","scorched leaves","id on map","",454066.98,4942402.56,"Ulmus glabra","Elm",121,"Good - Ground Truthed",44.6335113481,-63.5791132037,c(NaN, NaN),"G"
"231","335","September","14","2021","MEGY","SMU campus","335","",NA,NA,"","44.6","G","N","Scorched leaves","","",454051.52,4942389.35,"Ulmus glabra","Elm",121,"Good - Ground Truthed",44.6333914426,-63.579306927,c(NaN, NaN),"G"
"232","336","September","14","2021","MEGY","SMU campus","336","",NA,NA,"","124.5","G","Y","Scorched leaves","","",454047.07,4942388.74,"Ulmus glabra","Elm",121,"Good - Ground Truthed",44.6333856668,-63.5793629739,c(NaN, NaN),"G"
"233","337","September","14","2021","MEGY","SMU campus","337","",NA,NA,"","86.6","G","Y","","","",454038.66,4942386.03,"Ulmus glabra","Elm",121,"Good - Ground Truthed",44.6333607333,-63.5794687569,c(NaN, NaN),"G"
"234","338","September","14","2021","MEGY","SMU campus","338","",NA,NA,"","52.4","G","Y","Diseased leaves","","",454037.82,4942390.52,"Acer platanoides","Norway Maple",5,"Good - Ground Truthed",44.6334010988,-63.5794797491,c(NaN, NaN),"G"
"235","339","September","14","2021","MEGY","SMU campus","339","",NA,NA,"","50.1","G","Y","","","",454035.62,4942392.96,"Ulmus glabra","Elm",121,"Good - Ground Truthed",44.633422923,-63.5795077034,c(NaN, NaN),"G"
"236","34","September","21","2021","KJCL","SMU campus","34","",NA,NA,"ACRU","64.1","F","Y","lumps on trunk , trimmed canopy","","",453843.36,4942077.15,"Acer rubrum","Red Maple",8,"Good - Ground Truthed",44.6305676626,-63.5819031368,c(NaN, NaN),"FP"
"237","340","September","14","2021","MEGY","SMU campus","340","",NA,NA,"","36.6","G","N","","","",454014.6,4942380.72,"Ulmus glabra","Elm",121,"Good - Ground Truthed",44.633311393,-63.5797716078,c(NaN, NaN),"G"
"238","341","September","14","2021","MEGY","SMU campus","341","",NA,NA,"","28.5","G","N","","","",454008.27,4942373.35,"Fraxinus excelsior","Ash",48,"Good - Ground Truthed",44.6332446428,-63.57985075,c(NaN, NaN),"G"
"239","342","September","14","2021","MEGY","SMU campus","342","",NA,NA,"","62.4","G","Y","","","",454004.76,4942378.68,"Acer platanoides","Norway Maple",5,"Good - Ground Truthed",44.633292399,-63.5798954787,c(NaN, NaN),"G"
"240","344","September","21","2021","MEGY","SMU campus","344","",NA,NA,"","7.2","G","N","","","",453990.47,4942369.78,"Malus sp.","Flowering Crab",77,"Check position",44.6332113659,-63.5800748358,c(NaN, NaN),"G"
"241","345","September","6","2021","KJCL","SMU campus","345","",NA,NA,"ACPL","31.5","F","Y","fungal disease on leaves","","",453981.7,4942373.15,"Acer platanoides","Norway Maple",5,"Good - Ground Truthed",44.6332411412,-63.580185702,c(NaN, NaN),"FP"
"242","346","September","21","2021","MEGY","SMU campus","346","",NA,NA,"ACPL","43.5","G","N","spotted leaves","","",453967.51,4942363.04,"Juniperus virginiana ?","Juniper",62,"Good - Ground Truthed",44.6331492216,-63.5803636893,c(NaN, NaN),"G"
"243","347","September","14","2021","KJCL","SMU campus","347b","b",NA,NA,"FREX","34.9","F","N","leaf damage","","",454175.28,4942077.16,"Fraxinus excelsior","Ash",48,"Good - Ground Truthed",44.6305889959,-63.5777187893,c(NaN, NaN),"FP"
"244","347","September","14","2021","KJCL","SMU campus","347a","a",NA,NA,"FREX","31.5","G","N","","","",454175.28,4942077.16,"Fraxinus excelsior","Ash",48,"Good - Ground Truthed",44.6305889959,-63.5777187893,c(NaN, NaN),"G"
"245","348","September","14","2021","KJCL","SMU campus","348","",NA,NA,"ACPL","47.3","G","N","DBH: 17.5 - fungal disease","","",454175.74,4942063.09,"Acer platanoides","Norway Maple",5,"Good - Ground Truthed",44.6304623663,-63.5777117338,c(NaN, NaN),"G"
"246","349","September","14","2021","KJCL","SMU campus","349","",NA,NA,"ACPL","38.3","F","Y","DBH:37.5, 28.1","","",454177.74,4942053.41,"Acer platanoides","Norway Maple",5,"Good - Ground Truthed",44.630375354,-63.5776856564,c(NaN, NaN),"FP"
"247","350","September","14","2021","KJCL","SMU campus","350","",NA,NA,"FREX","36.6","F","N","","","",454179.36,4942045,"Fraxinus excelsior","Ash",48,"Good - Ground Truthed",44.63029975,-63.577664483,c(NaN, NaN),"FP"
"248","351","September","14","2021","KJCL","SMU campus","351","",NA,NA,"FREX","21.5","G","N","","","",454180.57,4942039.29,"Fraxinus excelsior","Ash",48,"Good - Ground Truthed",44.6302484254,-63.5776487193,c(NaN, NaN),"G"
"249","352","September","14","2021","KJCL","SMU campus","352","",NA,NA,"ULAM","24.5","F","N","","","",454181.49,4942034.21,"Ulmus glabra","Elm",121,"Good - Ground Truthed",44.6302027536,-63.5776366678,c(NaN, NaN),"FP"
"250","353","September","14","2021","KJCL","SMU campus","353","",NA,NA,"ULAM","35.2","F","N","leaf damage-DBH:27.3","","",454181.98,4942031.96,"Ulmus glabra","Elm",121,"Good - Ground Truthed",44.6301825303,-63.5776302898,c(NaN, NaN),"FP"
"251","354","September","14","2021","KJCL","SMU campus","354a","a",NA,NA,"FREX","16.5","F","N","","","",454182.66,4942027.65,"Fraxinus excelsior","Ash",48,"Good - Ground Truthed",44.6301437748,-63.5776213326,c(NaN, NaN),"FP"
"252","354","September","14","2021","KJCL","SMU campus","354b","b",NA,NA,"FREX","14.8","F","N","","","",454182.66,4942027.65,"Fraxinus excelsior","Ash",48,"Good - Ground Truthed",44.6301437748,-63.5776213326,c(NaN, NaN),"FP"
"253","355","September","14","2021","KJCL","SMU campus","355","",NA,NA,"FREX","21.7","F","N","DBH: 19.5, 18.4, 17.3","","",454182.38,4942024.05,"Fraxinus excelsior","Ash",48,"Good - Ground Truthed",44.6301113495,-63.5776245409,c(NaN, NaN),"FP"
"254","38","September","21","2021","KJCL","SMU campus","38","",NA,NA,"","27.2","G","N","linden?","","",453852.77,4942071.83,NA,NA,0,"Need species ID",44.6305203761,-63.5817840313,c(NaN, NaN),"G"
"255","39","September","21","2021","KJCL","SMU campus","39","",NA,NA,"PIMU","29.6","G","N","","","",453855.04,4942070.02,"Pinus mugo","Mountain Pine",91,"Good - Ground Truthed",44.6305042282,-63.5817552519,c(NaN, NaN),"G"
"256","4","September","21","2021","KJCL","SMU campus","4","",NA,NA,"TICO","10.7","G","N","","","",453892.48,4942098.73,"Tilia cordata","Basswood",116,"Good - Ground Truthed",44.6307650802,-63.5812858451,c(NaN, NaN),"G"
"257","40","September","21","2021","KJCL","SMU campus","40","",NA,NA,"FASY","46","F","Y","insect damage","","",453859.21,4942067.2,"Fagus sylvatica riversii","Copper Beech",46,"Good - Ground Truthed",44.6304791102,-63.5817024293,c(NaN, NaN),"FP"
"258","44","September","21","2021","KJCL","SMU campus","44","",NA,NA,"PIRE","35.3","G","N","","","",453857.07,4942060.94,"Pinus sylvestris","Scotts Pine",95,"Good - Ground Truthed",44.6304226199,-63.5817288442,c(NaN, NaN),"G"
"259","46","September","21","2021","KJCL","SMU campus","46","",NA,NA,"PISY","33.2","G","N","vines up trunk","","",453852.27,4942056.93,"Pinus sylvestris","Scotts Pine",95,"Good - Ground Truthed",44.6303862135,-63.5817889946,c(NaN, NaN),"G"
"260","47","September","21","2021","KJCL","SMU campus","47","",NA,NA,"BENI","46","G","Y","nest box #11","","",453852.52,4942048.43,"Betula nigra","Red Birch",20,"Good - Ground Truthed",44.6303097121,-63.5817850785,c(NaN, NaN),"G"
"261","479","September","21","2021","KJCL","SMU campus","479","",NA,NA,"QURU","75.1","G","Y","","","",453836.6,4942034.22,"Quercus rubra","Red Oak",103,"Good - Ground Truthed",44.6301807705,-63.5819844946,c(NaN, NaN),"G"
"262","48","September","21","2021","KJCL","SMU campus","48","",NA,NA,"BEPA","13.2","G","N","10.5, 4.1","","",453858.58,4942047.67,"Betula papyrifera","White Birch",22,"Good - Ground Truthed",44.6303032597,-63.5817086152,c(NaN, NaN),"G"
"263","480","September","21","2021","KJCL","SMU campus","480","",NA,NA,"QURU","43.2","G","N","major brances cut from canopy","","",453844.02,4942041.82,"Quercus rubra","Red Oak",103,"Good - Ground Truthed",44.6302496627,-63.5818916387,c(NaN, NaN),"G"
"264","481","September","21","2021","KJCL","SMU campus","481","",NA,NA,"QURU","66.9","G","N","","","",453836.78,4942045.25,"Quercus rubra","Red Oak",103,"Good - Ground Truthed",44.6302800747,-63.5819832177,c(NaN, NaN),"G"
"265","482","September","21","2021","KJCL","SMU campus","482","",NA,NA,"QURU","44.3","G","N","","","",453834.81,4942048.65,"Quercus rubra","Red Oak",103,"Good - Ground Truthed",44.6303105551,-63.5820083583,c(NaN, NaN),"G"
"266","483","September","21","2021","KJCL","SMU campus","483","",NA,NA,"QURU","68.4","F","N","","","",453828.82,4942051.8,"Quercus rubra","Red Oak",103,"Good - Ground Truthed",44.6303385267,-63.5820841542,c(NaN, NaN),"FP"
"267","486","September","21","2021","KJCL","SMU campus","486","",NA,NA,"QURU","70.5","G","N","","","",453824.27,4942063.37,"Quercus rubra","Red Oak",103,"Good - Ground Truthed",44.630442388,-63.5821425547,c(NaN, NaN),"G"
"268","487","September","21","2021","KJCL","SMU campus","487","",NA,NA,"PISY","19.7","G","N","","","",453826.35,4942071.39,"Pinus sylvestris","Scotts Pine",95,"Good - Ground Truthed",44.6305147181,-63.5821170549,c(NaN, NaN),"G"
"269","488","September","21","2021","KJCL","SMU campus","488","",NA,NA,"QURU","79.6","G","N","","","",453830.08,4942071.38,"Quercus rubra","Red Oak",103,"Good - Ground Truthed",44.6305148677,-63.5820700319,c(NaN, NaN),"G"
"270","489","September","21","2021","KJCL","SMU campus","489","",NA,NA,"ACRU","26.2","P","Y","dead with no canopy","","",453838.25,4942076.3,"Acer rubrum","Red Maple",8,"Good - Ground Truthed",44.6305596826,-63.5819674795,c(NaN, NaN),"FP"
"271","49","September","21","2021","KJCL","SMU campus","49","",NA,NA,"PINI","36.9","G","N","","","",453860.63,4942037.04,"Pinus nigra","Austrian Pine",92,"Good - Ground Truthed",44.6302076996,-63.5816818162,c(NaN, NaN),"G"
"272","490","September","21","2021","KJCL","SMU campus","490","",NA,NA,"TICO","22.2","G","N","","","",453831.06,4942080.28,"Tilia cordata","Basswood",116,"Good - Ground Truthed",44.6305950489,-63.5820584783,c(NaN, NaN),"G"
"273","491","September","21","2021","KJCL","SMU campus","491","",NA,NA,"TICO","21.6","G","N","","","",453837.37,4942078.93,"Tilia cordata","Basswood",116,"Good - Ground Truthed",44.6305833015,-63.5819788098,c(NaN, NaN),"G"
"274","492","September","21","2021","KJCL","SMU campus","492","",NA,NA,"ACPA","11.8","G","Y","10.1, 8.0","","",453837.83,4942065.91,"Acer palmatum","Japanese Maple",1,"Good - Ground Truthed",44.6304661244,-63.5819718396,c(NaN, NaN),"G"
"275","493","September","21","2021","KJCL","SMU campus","493","",NA,NA,"Cypress sp.","12.9","G","Y","5.1 (missing trunk and top cut off)","","",453839.56,4942064.92,"Chamaecyparus sp.","Cypress",33,"Good - Ground Truthed",44.6304573235,-63.5819499413,c(NaN, NaN),"G"
"276","494","September","21","2021","KJCL","SMU campus","494","",NA,NA,"Cypress sp.","10.3","G","Y","7.1, 5.8, 10.0, 9.4, 6.7 (vine on trunk - ivy)","","",453842.07,4942057.85,"Chamaecyparus sp.","Cypress",33,"Good - Ground Truthed",44.6303938403,-63.5819176631,c(NaN, NaN),"G"
"277","495","September","21","2021","KJCL","SMU campus","495","",NA,NA,"PIST","68.6","G","N","","","",453849.04,4942044.37,"Pinus strobus","White Pine",94,"Good - Ground Truthed",44.6302729403,-63.5818285838,c(NaN, NaN),"G"
"278","499","September","6","2021","KJCL","SMU campus","499","",NA,NA,"","1.53","F","N","browning of leaves and insect damage, chestnut sp?","","",453914.21,4942351.75,NA,NA,0,"Need species ID",44.6330441719,-63.581034631,c(NaN, NaN),"FP"
"279","5","September","21","2021","KJCL","SMU campus","5","",NA,NA,"AMLA","4.7","F","N","4.4, 4.1, 3.1; species unknown ","","",453895.1,4942078.11,"Amelanchier laevis*","Serviceberry or Juneberry",16,"Good - Ground Truthed",44.6305796261,-63.5812509632,c(NaN, NaN),"FP"
"280","50","September","21","2021","KJCL","SMU campus","50","",NA,NA,"PINI","33.7","F","N","","","",453864,4942036.18,"Pinus nigra","Austrian Pine",92,"Good - Ground Truthed",44.6302001742,-63.5816392553,c(NaN, NaN),"FP"
"281","500","September","6","2021","KJCL","SMU campus","500","",NA,NA,"","1","G","N","likely larex spp.","","",453905.71,4942349.06,NA,NA,0,"Need species ID",44.6330194111,-63.5811415491,c(NaN, NaN),"G"
"282","501","September","6","2021","KJCL","SMU campus","501","",NA,NA,"","7.3","G","N","chestnut? tethering","","",453896.86,4942345.94,NA,NA,0,"Need species ID",44.632990757,-63.5812528409,c(NaN, NaN),"G"
"283","502","September","14","2021","MEGY","SMU campus","502","",NA,NA,"ACRU","13.1","G","Y","","","",454024.22,4942320.58,NA,NA,0,"Need species ID",44.6327706256,-63.5796449385,c(NaN, NaN),"G"
"284","503","September","14","2021","MEGY","SMU campus","503","",NA,NA,"ACRU","15.9","G","Y","Galls","","",454021.71,4942328.88,NA,NA,0,"Need species ID",44.632845182,-63.5796773258,c(NaN, NaN),"G"
"285","504","September","14","2021","MEGY","SMU campus","504","",NA,NA,"ACRU","16.1","","","","","",454019.55,4942336.11,NA,NA,0,"Need species ID",44.6329101285,-63.5797052048,c(NaN, NaN),""
"286","505","September","14","2021","MEGY","SMU campus","505","",NA,NA,"ACRU","17","G","N","galls","","",454016.8,4942344.84,NA,NA,0,"Need species ID",44.6329885404,-63.5797406565,c(NaN, NaN),"G"
"287","506","September","14","2021","MEGY","SMU campus","506","",NA,NA,"ACRU","12.3","G","Y","galls","","",454012.68,4942358.19,NA,NA,0,"Need species ID",44.6331084541,-63.579793794,c(NaN, NaN),"G"
"288","507","September","14","2021","MEGY","SMU campus","507","",NA,NA,"","13.4","G","N","galls","","",454010.51,4942365.66,NA,NA,0,"Need species ID",44.6331755605,-63.5798218209,c(NaN, NaN),"G"
"289","508","September","14","2021","MEGY","SMU campus","508","",NA,NA,"","7.4","G","Y","","","",454011.81,4942383.98,NA,NA,0,"Need species ID",44.6333405611,-63.5798070738,c(NaN, NaN),"G"
"290","509","September","14","2021","MEGY","SMU campus","509","",NA,NA,"ULAM","42.7","G","N","","","",454060.92,4942400.25,NA,NA,0,"Need species ID",44.633490166,-63.5791893961,c(NaN, NaN),"G"
"291","51","September","21","2021","KJCL","SMU campus","51","",NA,NA,"TSCA","21.7","F","N","hose? coming out","","",453871.62,4942029.53,"Tsuga canadensis ?","Eastern Hemlock",118,"Good - Ground Truthed",44.6301407998,-63.5815425966,c(NaN, NaN),"FP"
"292","510","September","14","2021","MEGY","SMU campus","510","",NA,NA,"","9.9","G","N","","id on map","",454103.68,4942407.21,NA,NA,0,"Need species ID",44.6335555528,-63.5786509379,c(NaN, NaN),"G"
"293","511","September","14","2021","MEGY","SMU campus","511","",NA,NA,"LITU","8.3","G","N","","","",454098.77,4942401.37,NA,NA,0,"Need species ID",44.6335026672,-63.5787123165,c(NaN, NaN),"G"
"294","512","September","14","2021","MEGY","SMU campus","512","",NA,NA,"CEOC","6.5","F","N","","","",454099.17,4942396.78,NA,NA,0,"Need species ID",44.6334613734,-63.578706863,c(NaN, NaN),"FP"
"295","513","September","14","2021","MEGY","SMU campus","513","",NA,NA,"ULAM","8.6","G","N","","","",454104.06,4942389.28,NA,NA,0,"Need species ID",44.6333941704,-63.5786445432,c(NaN, NaN),"G"
"296","514","September","14","2021","MEGY","SMU campus","514","",NA,NA,"ALSP","5.6","G","N","scorched leaves","","",454107.01,4942384.96,NA,NA,0,"Need species ID",44.63335547,-63.5786069658,c(NaN, NaN),"G"
"297","515","September","14","2021","MEGY","SMU campus","515","",NA,NA,"PYCA","8.7","G","N","","","",454114.4,4942378,NA,NA,0,"Need species ID",44.6332932877,-63.5785131769,c(NaN, NaN),"G"
"298","516","September","14","2021","MEGY","SMU campus","516","",NA,NA,"PYCA","9.7","G","N","","","",454122.56,4942377.21,NA,NA,0,"Need species ID",44.6332866971,-63.5784102324,c(NaN, NaN),"G"
"299","517","September","14","2021","MEGY","SMU campus","517","",NA,NA,"PLAC","10.8","G","N","","","",454134.13,4942381.38,NA,NA,0,"Need species ID",44.6333249743,-63.5782647412,c(NaN, NaN),"G"
"300","518","September","14","2021","MEGY","SMU campus","518","",NA,NA,"JUNY","3.8","G","N","tethered","","",454128.64,4942381.85,NA,NA,0,"Need species ID",44.6333288548,-63.5783339962,c(NaN, NaN),"G"
"301","519","September","14","2021","MEGY","SMU campus","519","",NA,NA,"CEOC","5.8","F","N","","","",454123.99,4942384.82,NA,NA,0,"Need species ID",44.633355294,-63.5783928847,c(NaN, NaN),"FP"
"302","52","September","21","2021","KJCL","SMU campus","52","",NA,NA,"BEPA","33","G","Y","","","",453870.01,4942031.53,"Betula papyrifera","White Birch",22,"Good - Ground Truthed",44.6301587005,-63.5815630727,c(NaN, NaN),"G"
"303","520","September","14","2021","MEGY","SMU campus","520","",NA,NA,"PLAC","6.8","G","N","","","",454139.63,4942407.21,NA,NA,0,"Need species ID",44.6335578483,-63.578197711,c(NaN, NaN),"G"
"304","521","September","14","2021","MEGY","SMU campus","521","",NA,NA,"","5.6","F","N","","id on map","",454138.46,4942400.39,NA,NA,0,"Need species ID",44.6334963797,-63.5782118518,c(NaN, NaN),"FP"
"305","522","September","14","2021","MEGY","SMU campus","522","",NA,NA,"","5.4","F","N","","id on map","",454135.34,4942403.02,NA,NA,0,"Need species ID",44.6335198559,-63.5782514211,c(NaN, NaN),"FP"
"306","524","September","14","2021","KJCL","SMU campus","524","",NA,NA,"ACRU","10.5","G","Y","galls","","",454083.58,4942382.31,NA,NA,0,"Need species ID",44.6333301177,-63.578902113,c(NaN, NaN),"G"
"307","525","September","14","2021","KJCL","SMU campus","525","",NA,NA,"ACRU","7.5","G","Y","","","",454085.68,4942375.77,NA,NA,0,"Need species ID",44.6332713785,-63.5788750529,c(NaN, NaN),"G"
"308","526","September","14","2021","KJCL","SMU campus","526","",NA,NA,"SOAU","3.3","F","N","DBH: 3.0","","",454086.48,4942364.42,NA,NA,0,"Need species ID",44.6331692564,-63.5788639515,c(NaN, NaN),"FP"
"309","527","September","14","2021","KJCL","SMU campus","527","",NA,NA,"SOAU","5.7","G","N","","","",454086.1,4942357.47,NA,NA,0,"Need species ID",44.6331066679,-63.5788681202,c(NaN, NaN),"G"
"310","528","September","14","2021","KJCL","SMU campus","528","",NA,NA,"ACRU","8.8","G","N","galls","","",454082.58,4942343.82,NA,NA,0,"Need species ID",44.632983565,-63.5789112754,c(NaN, NaN),"G"
"311","529","September","14","2021","KJCL","SMU campus","529","",NA,NA,"ACRU","7","P","Y","","","",454083.21,4942339.63,NA,NA,0,"Need species ID",44.6329458866,-63.578902958,c(NaN, NaN),"FP"
"312","53","September","21","2021","KJCL","SMU campus","53","",NA,NA,"PIST","51.1","G","N","","","",453869.09,4942025.37,"Pinus strobus","White Pine",94,"Good - Ground Truthed",44.6301031888,-63.5815741169,c(NaN, NaN),"G"
"313","532","September","14","2021","KJCL","SMU campus","532","",NA,NA,"LITU","10.9","G","N","","","",454068.63,4942315.52,NA,NA,0,"Need species ID",44.6327279154,-63.5790846099,c(NaN, NaN),"G"
"314","533","September","14","2021","KJCL","SMU campus","533","",NA,NA,"LITU","11.1","G","N","","","",454063.9,4942313.96,NA,NA,0,"Need species ID",44.6327135698,-63.5791441011,c(NaN, NaN),"G"
"315","534","September","14","2021","KJCL","SMU campus","534","",NA,NA,"LITU","11.9","G","N","INat ID","","",454060.05,4942312.74,NA,NA,0,"Need species ID",44.6327023412,-63.5791925287,c(NaN, NaN),"G"
"316","535","September","14","2021","MEGY","SMU campus","535","",NA,NA,"","23.1","G","N","","","",453916.71,4942268.92,NA,NA,0,"Need species ID",44.6322986928,-63.5809956739,c(NaN, NaN),"G"
"317","538","September","14","2021","MEGY","SMU campus","538","",NA,NA,"","22.6","G","N","","","",453914.66,4942273.72,NA,NA,0,"Need species ID",44.6323417712,-63.5810219491,c(NaN, NaN),"G"
"318","539","September","14","2021","MEGY","SMU campus","539","",NA,NA,"","8.3","G","N","","","",453912.04,4942270.11,NA,NA,0,"Need species ID",44.6323091057,-63.5810546548,c(NaN, NaN),"G"
"319","54","September","21","2021","KJCL","SMU campus","54","",NA,NA,"PIST","53.9","G","N","","","",453868.82,4942022.23,"Pinus strobus","White Pine",94,"Good - Ground Truthed",44.6300749051,-63.5815772383,c(NaN, NaN),"G"
"320","540","September","14","2021","MEGY","SMU campus","540","",NA,NA,"","5.4","G","N","DBH: 5.2, 2.3","","",453910.25,4942270.81,NA,NA,0,"Need species ID",44.6323152924,-63.581077284,c(NaN, NaN),"G"
"321","541","September","14","2021","MEGY","SMU campus","541","",NA,NA,"","4.1","G","N","","","",453909.98,4942270.53,NA,NA,0,"Need species ID",44.6323127545,-63.5810806627,c(NaN, NaN),"G"
"322","542","September","14","2021","MEGY","SMU campus","542","",NA,NA,"","6.3","G","N","","","",453909.09,4942269.53,NA,NA,0,"Need species ID",44.6323036953,-63.581091793,c(NaN, NaN),"G"
"323","545","September","14","2021","MEGY","SMU campus","545","",NA,NA,"","","","","","","",453919.01,4942244.07,NA,NA,0,"Need species ID",44.6320751395,-63.5809644463,c(NaN, NaN),""
"324","546","September","14","2021","MEGY","SMU campus","546","",NA,NA,"","16.7","G","Y","","","",453934.51,4942183.95,NA,NA,0,"Need species ID",44.6315349303,-63.5807636431,c(NaN, NaN),"G"
"325","547","September","14","2021","MEGY","SMU campus","547","",NA,NA,"","18","G","N","Tethered","","",453934.26,4942174.09,NA,NA,0,"Need species ID",44.6314461541,-63.5807659096,c(NaN, NaN),"G"
"326","548","September","14","2021","MEGY","SMU campus","548","",NA,NA,"GIBI","9.7","G","N","","","",453922.87,4942170.5,NA,NA,0,"Need species ID",44.6314131065,-63.5809091773,c(NaN, NaN),"G"
"327","549","September","14","2021","MEGY","SMU campus","549","",NA,NA,"","9.2","G","N","6.1, 4.3","","",453919.1,4942163.6,NA,NA,0,"Need species ID",44.6313507506,-63.5809560848,c(NaN, NaN),"G"
"328","55","September","21","2021","KJCL","SMU campus","55","",NA,NA,"PIST","53.6","G","N","","","",453869.62,4942020.56,"Pinus strobus","White Pine",94,"Good - Ground Truthed",44.630059923,-63.5815670031,c(NaN, NaN),"G"
"329","550","September","14","2021","MEGY","SMU campus","550","",NA,NA,"GIBI","6.6","G","N","","","",453914.6,4942158.21,NA,NA,0,"Need species ID",44.631301941,-63.5810123307,c(NaN, NaN),"G"
"330","551","September","21","2021","KJCL","SMU campus","551","",NA,NA,"ABJU","9.6","G","N","8.1; trunck cover/plastic pipe","","",453914.3,4942162.72,NA,NA,0,"Need species ID",44.631342521,-63.5810165177,c(NaN, NaN),"G"
"331","552","September","14","2021","MEGY","SMU campus","552","",NA,NA,"","9.7","G","N","","","",453911.39,4942147.51,NA,NA,0,"Need species ID",44.6312054132,-63.5810518369,c(NaN, NaN),"G"
"332","553","September","14","2021","MEGY","SMU campus","553","",NA,NA,"","13.4","G","N","","","",453907.3,4942146.47,NA,NA,0,"Need species ID",44.6311957887,-63.5811033046,c(NaN, NaN),"G"
"333","554","September","14","2021","MEGY","SMU campus","554","",NA,NA,"","21.3","F","N","","","",453900.79,4942151.83,NA,NA,0,"Need species ID",44.6312436221,-63.5811858553,c(NaN, NaN),"FP"
"334","555","September","14","2021","MEGY","SMU campus","555","",NA,NA,"","23.4","G","N","","","",453891.35,4942153.93,NA,NA,0,"Need species ID",44.6312619207,-63.5813050507,c(NaN, NaN),"G"
"335","556","September","14","2021","MEGY","SMU campus","556","",NA,NA,"","5.6","G","Y","4.9","","",453886.47,4942153.7,NA,NA,0,"Need species ID",44.6312595371,-63.5813665504,c(NaN, NaN),"G"
"336","557","September","14","2021","MEGY","SMU campus","557","",NA,NA,"","15.3","G","Y","","","",453885.86,4942148.26,NA,NA,0,"Need species ID",44.6312105268,-63.5813737516,c(NaN, NaN),"G"
"337","558","September","21","2021","KJCL","SMU campus","558","",NA,NA,"","6","F","N","","","",453933.27,4942138.76,NA,NA,0,"Need species ID",44.6311280483,-63.5807752183,c(NaN, NaN),"FP"
"338","559","September","21","2021","KJCL","SMU campus","559","",NA,NA,"","8.2","G","N","","","",453928.49,4942144.76,NA,NA,0,"Need species ID",44.6311817541,-63.5808360166,c(NaN, NaN),"G"
"339","56","September","21","2021","KJCL","SMU campus","56","",NA,NA,"QURU","57.2","G","N","","","",453874.64,4942019.03,"Quercus rubra","Red Oak",103,"Good - Ground Truthed",44.6300464721,-63.5815035815,c(NaN, NaN),"G"
"340","560","September","14","2021","MEGY","SMU campus","560","",NA,NA,"SYRE","4.1","G","N","","","",453932.67,4942120.67,NA,NA,0,"Need species ID",44.6309651628,-63.5807811582,c(NaN, NaN),"G"
"341","561","September","14","2021","MEGY","SMU campus","561","",NA,NA,"","10.8","G","N","Brown leaves","","",453944.03,4942172.34,NA,NA,0,"Need species ID",44.6314310268,-63.5806425852,c(NaN, NaN),"G"
"342","562","September","14","2021","MEGY","SMU campus","562","",NA,NA,"","11.9","G","N","Brown leaves","","",453945.18,4942162.86,NA,NA,0,"Need species ID",44.6313457611,-63.5806272366,c(NaN, NaN),"G"
"343","563","September","14","2021","MEGY","SMU campus","563","",NA,NA,"","10.3","G","N","","","",453946.22,4942155.62,NA,NA,0,"Need species ID",44.6312806529,-63.5806134759,c(NaN, NaN),"G"
"344","564","September","14","2021","MEGY","SMU campus","564","",NA,NA,"","18.5","G","N","","","",453949.78,4942147.88,NA,NA,0,"Need species ID",44.6312112052,-63.5805679016,c(NaN, NaN),"G"
"345","568","September","21","2021","MEGY","SMU campus","568","",NA,NA,"","2.5","P","N","unknown species; tethered","","",453854.94,4942123.02,NA,NA,0,"Need species ID",44.6309813302,-63.5817612787,c(NaN, NaN),"FP"
"346","569","September","21","2021","MEGY","SMU campus","569","",NA,NA,"ACRU","10.3","G","N","","","",453839.97,4942118.32,NA,NA,0,"Need species ID",44.6309380591,-63.5819495764,c(NaN, NaN),"G"
"347","570","September","21","2021","MEGY","SMU campus","570","",NA,NA,"PYCA","18.2","G","N","","","",453841.47,4942145.11,NA,NA,0,"Need species ID",44.6311793203,-63.5819330765,c(NaN, NaN),"G"
"348","571","September","21","2021","MEGY","SMU campus","571","",NA,NA,"PYCA","14.3","G","N","","","",453835.21,4942165.13,NA,NA,0,"Need species ID",44.6313591391,-63.5820137951,c(NaN, NaN),"G"
"349","572","September","21","2021","MEGY","SMU campus","572","",NA,NA,"PRVI","9.6","G","N","","","",453829.07,4942182.41,NA,NA,0,"Need species ID",44.6315143,-63.5820927549,c(NaN, NaN),"G"
"350","573","September","21","2021","MEGY","SMU campus","573","",NA,NA,"ACRU","8","G","N","","","",453821.08,4942182.11,NA,NA,0,"Need species ID",44.6315110859,-63.5821934554,c(NaN, NaN),"G"
"351","574","September","21","2021","MEGY","SMU campus","574","",NA,NA,"PRCE","11.1","G","N","","","",453840.83,4942187.25,NA,NA,0,"Need species ID",44.6315586254,-63.5819449356,c(NaN, NaN),"G"
"352","575","September","21","2021","MEGY","SMU campus","575","",NA,NA,"FROR","12.1","G","N","10.5, 9.3","","",453795.87,4942176.81,NA,NA,0,"Need species ID",44.6314617545,-63.5825107929,c(NaN, NaN),"G"
"353","578","September","21","2021","MEGY","SMU campus","578","",NA,NA,"ACRU","15.5","G","N","","","",453811.48,4942151.5,NA,NA,0,"Need species ID",44.6312349163,-63.5823117243,c(NaN, NaN),"G"
"354","579","September","21","2021","KJCL","SMU campus","579","",NA,NA,"ACRU","11.8","G","N","","Series of points in front of McNally are off-set/not overlayed properly","",453813.75,4942143.23,NA,NA,0,"Need species ID",44.6311606153,-63.5822823628,c(NaN, NaN),"G"
"355","58","September","21","2021","KJCL","SMU campus","58","",NA,NA,"TICO","31.6","G","N","galls","","",453825.1,4942098.64,"Tilia cordata","Basswood",116,"Good - Ground Truthed",44.6307599435,-63.5821352652,c(NaN, NaN),"G"
"356","581","September","21","2021","KJCL","SMU campus","581","",NA,NA,"FROR","13.5","G","Y","11.0, 9.2","Series of points in front of McNally are off-set/not overlayed properly","",453816,4942111.96,NA,NA,0,"Need species ID",44.6308792659,-63.5822511835,c(NaN, NaN),"G"
"357","587","September","14","2021","KJCL","SMU campus","587","",NA,NA,"Magnolia sp.","8","G","N","5.0cm, 4.2cm, 5.9cm, 6.5cm. Shrublike.","","",453953.45,4942235.56,NA,NA,0,"Need species ID",44.6320007399,-63.5805295037,c(NaN, NaN),"G"
"358","588","September","21","2021","KJCL","SMU campus","588","",NA,NA,"PINI","5.5","G","N","3.7","","",453814.94,4942104.48,"Pinus nigra","Austrian Pine",92,"Good - Ground Truthed",44.6308118625,-63.5822638731,c(NaN, NaN),"G"
"359","589","September","21","2021","KJCL","SMU campus","589","",NA,NA,"PINI","3.3","F","N","2.2, 2.4, 2.7","","",453815.76,4942101.83,"Pinus nigra","Austrian Pine",92,"Good - Ground Truthed",44.6307880598,-63.5822532973,c(NaN, NaN),"FP"
"360","59","September","21","2021","KJCL","SMU campus","59","",NA,NA,"PINI","6.8","F","N","3.4, 3.3, 3.1, 3.1","","",453815.46,4942103.04,"Pinus nigra","Austrian Pine",92,"Good - Ground Truthed",44.630798933,-63.5822571881,c(NaN, NaN),"FP"
"361","590","September","21","2021","KJCL","SMU campus","590","",NA,NA,"PINI","6","G","Y","5.7, 4.7, 4.8, 5.8","","",453816.15,4942100.73,"Pinus nigra","Austrian Pine",92,"Good - Ground Truthed",44.6307781826,-63.5822482817,c(NaN, NaN),"G"
"362","591","September","21","2021","KJCL","SMU campus","591","",NA,NA,"PINI","4.5","G","N","3.0, 3.2, 3.0","","",453816.5,4942099.71,"Pinus nigra","Austrian Pine",92,"Good - Ground Truthed",44.630769023,-63.5822437776,c(NaN, NaN),"G"
"363","6","September","21","2021","KJCL","SMU campus","6","",NA,NA,"Malus sp.","6.4","G","N","","","",453884.38,4942096.56,"Malus sp.","Flowering Crab 'White Angel'",81,"Good - Ground Truthed",44.630745026,-63.581387763,c(NaN, NaN),"G"
"364","60","September","21","2021","KJCL","SMU campus","60","",NA,NA,"","29.7","G","N","6.3, 16.4, 18,7","","",453817.19,4942103.74,"Betula sp.","Birch",23,"Good - Ground Truthed",44.6308053456,-63.5822354418,c(NaN, NaN),"G"
"365","61","September","21","2021","KJCL","SMU campus","61","",NA,NA,"PINI","39.9","G","N","","Series of points in front of McNally are off-set/not overlayed properly","",453816.03,4942125.78,"Pinus nigra","Austrian Pine",92,"Good - Ground Truthed",44.6310036761,-63.5822520491,c(NaN, NaN),"G"
"366","62","September","21","2021","KJCL","SMU campus","62","",NA,NA,"STPS","8.9","G","N","5.7","Series of points in front of McNally are off-set/not overlayed properly","",453815.1,4942134.89,"Stewartia pseudocamellia","Japanese Stewartia",113,"Good - Ground Truthed",44.631085625,-63.5822645932,c(NaN, NaN),"G"
"367","63","September","21","2021","KJCL","SMU campus","63","",NA,NA,"ACRU","13.1","G","N","","Series of points in front of McNally are off-set/not overlayed properly","",453817.14,4942143.3,"Fraxinus ornus","Manna Ash",49,"Good - Ground Truthed",44.6311614633,-63.5822396327,c(NaN, NaN),"G"
"368","64","September","21","2021","MEGY","SMU campus","64","",NA,NA,"PYCA","11.2","G","N","","","",453812.87,4942159.1,"Fraxinus ornus","Manna Ash",49,"Good - Ground Truthed",44.6313034212,-63.5822948852,c(NaN, NaN),"G"
"369","65","September","21","2021","MEGY","SMU campus","65","",NA,NA,"","30.5","G","N","","","",453806.88,4942160.38,"Magnolia acuminata*","Cucumber Tree",68,"Good - Ground Truthed",44.6313145588,-63.5823705142,c(NaN, NaN),"G"
"370","66","September","21","2021","MEGY","SMU campus","66","",NA,NA,"","58.6","F","N","","","",453800.27,4942170.85,"Pinus nigra","Austrian Pine",92,"Good - Ground Truthed",44.6314083852,-63.5824547869,c(NaN, NaN),"FP"
"371","67","September","21","2021","MEGY","SMU campus","67","",NA,NA,"","9.1","G","N","8.9","","",453793.48,4942190.78,"Magnolia loebrieri","var. Leonard Messel",71,"Check position",44.6315873594,-63.5825421809,c(NaN, NaN),"G"
"372","7","September","21","2021","KJCL","SMU campus","7","",NA,NA,"Malus sp.","6.1","P","N","dead/dying","","",453883.08,4942094.06,"Malus sp.","Flowering Crab 'White Angel'",81,"Good - Ground Truthed",44.6307224374,-63.5814039268,c(NaN, NaN),"FP"
"373","71","September","21","2021","MEGY","SMU campus","71","",NA,NA,"","42.8","G","N","","","",453839.26,4942174.2,"Picea pungens","Blue Spruce",89,"Good - Ground Truthed",44.6314410478,-63.5819635541,c(NaN, NaN),"G"
"374","72","September","14","2021","MEGY","SMU campus","72","",NA,NA,"","90","G","N","Diseased leaves","","",453782.48,4942223.97,"Acer platanoides","Norway Maple Crimson King",6,"Good - Ground Truthed",44.6318854298,-63.5826838443,c(NaN, NaN),"G"
"375","73","September","14","2021","MEGY","SMU campus","73","",NA,NA,"","40.4","G","N","Diseased leaves ","","",453777.24,4942223.78,"Acer platanoides","Norway Maple Crimson King",6,"Good - Ground Truthed",44.6318833823,-63.5827498867,c(NaN, NaN),"G"
"376","74","September","14","2021","MEGY","SMU campus","74","",NA,NA,"","58.8","G","N","Diseased leaves ","","",453777.5,4942228.11,"Acer platanoides","Norway Maple Crimson King",6,"Good - Ground Truthed",44.6319223779,-63.582746999,c(NaN, NaN),"G"
"377","75","September","6","2021","KJCL","SMU campus","75","",NA,NA,"STJA","7.13","G","N","DBH: 6.93, 6.23, 5.5, 4.36, 5.4","","",453800.14,4942221.75,"Styrax japonica","Japanese Snowbell",114,"Good - Ground Truthed",44.6318665809,-63.5824610088,c(NaN, NaN),"G"
"378","75","September","14","2021","MEGY","SMU campus","75","",NA,NA,"SYJA","","G","N","DBH: under 2","","",453800.14,4942221.75,"Styrax japonica","Japanese Snowbell",114,"Good - Ground Truthed",44.6318665809,-63.5824610088,c(NaN, NaN),"G"
"379","76","September","6","2021","KJCL","SMU campus","76","",NA,NA,"BEUT","<8","G","N","tethering present, newly planted","","",453806.65,4942221.29,"Betula utilis var Jacquemontii","Himalayan Birch",24,"Good - Ground Truthed",44.6318628585,-63.5823788973,c(NaN, NaN),"G"
"380","77","September","14","2021","MEGY","SMU campus","77","",NA,NA,"","9.7","G","N","DBH: 8.3, 8.8","","",453813.85,4942224.1,"Acer griseum","Paperbark Maple",3,"Good - Ground Truthed",44.6318886171,-63.5822883815,c(NaN, NaN),"G"
"381","78","September","14","2021","MEGY","SMU campus","78","",NA,NA,"","8.7","G","N","DBH: 5.8, 6.5","","",453818.16,4942218.18,"Euonymus europaeus","Spindle Tree",45,"Good - Ground Truthed",44.631835602,-63.5822335134,c(NaN, NaN),"G"
"382","8","September","21","2021","KJCL","SMU campus","8","",NA,NA,"MA spp.","10","G","Y","","","",453881.58,4942091.04,"Malus sp.","Flowering Crab 'White Angel'",81,"Good - Ground Truthed",44.630695155,-63.5814225651,c(NaN, NaN),"G"
"383","80","September","14","2021","MEGY","SMU campus","80","",NA,NA,"","44.5","G","N","","","",453823.55,4942218.83,"Populus nigra var. italica","Lombardy Poplar",96,"Good - Ground Truthed",44.6318417997,-63.5821656215,c(NaN, NaN),"G"
"384","81","September","6","2021","KJCL","SMU campus","81","",NA,NA,"SYRE","6.71","F","N","DBH: 4.67, 6.07","","",453827.08,4942217.72,"Syringa reticulata var. Ivory Silk","Ivory Silk or Tree Lilac",115,"Good - Ground Truthed",44.6318320343,-63.5821210197,c(NaN, NaN),"FP"
"385","82","September","14","2021","MEGY","SMU campus","82","",NA,NA,"","19","G","N","","","",453831.17,4942218.75,"Larix laricena","Tamarack",65,"Good - Ground Truthed",44.6318415692,-63.5820695507,c(NaN, NaN),"G"
"386","85","September","14","2021","MEGY","SMU campus","85","",NA,NA,"","29.8","G","N","","","",453845.96,4942228.22,"Celtis occidentalis*","Hackbery",30,"Good - Ground Truthed",44.6319277687,-63.5818839485,c(NaN, NaN),"G"
"387","87","September","14","2021","MEGY","SMU campus","87","",NA,NA,"","16.6","G","N","","","",453843.82,4942234.39,"Ostrya virginiana*","Ironwood or Hop-Hornbeam",86,"Good - Ground Truthed",44.6319831738,-63.5819114821,c(NaN, NaN),"G"
"388","89","September","6","2021","KJCL","SMU campus","89","",NA,NA,"PYCH","4.169","G","N","","","",453833.01,4942258.35,"Pyrus calleryana","Callery Pear",101,"Good - Ground Truthed",44.6321981684,-63.5820499174,c(NaN, NaN),"G"
"389","9","September","21","2021","KJCL","SMU campus","9","",NA,NA,"QURU","37.1","G","N","","","",453884.2,4942098.34,"Quercus rubra","Red Oak",103,"Good - Ground Truthed",44.6307610381,-63.5813901921,c(NaN, NaN),"G"
"390","90","September","6","2021","MAER","SMU campus","90","",NA,NA,"","13.2","G","Y","","","",453830.87,4942265.28,"Pyrus calleryana","Callery Pear",101,"Good - Ground Truthed",44.632260415,-63.5820775196,c(NaN, NaN),"G"
"391","91","September","21","2021","MEGY","SMU campus","91","",NA,NA,"","13.7","","","","","",453830.86,4942280.9,"Ostrya virginiana*","Ironwood or Hop-Hornbeam",86,"Good - Ground Truthed",44.6324010263,-63.5820790512,c(NaN, NaN),""
"392","92","September","21","2021","MEGY","SMU campus","92","",NA,NA,"","28.3","G","N","","","",453829.29,4942285.78,"Celtis occidentalis*","Hackbery",30,"Good - Ground Truthed",44.6324448554,-63.5820992832,c(NaN, NaN),"G"
"393","93","September","21","2021","MEGY","SMU campus","93","",NA,NA,"BEPA","46.5","G","Y","","","",453826.03,4942293.41,"Betula papyrifera","Paperbark Birch",21,"Good - Ground Truthed",44.6325133315,-63.5821410683,c(NaN, NaN),"G"
"394","94","September","21","2021","MEGY","SMU campus","94","",NA,NA,"","20.5","G","N","","","",453822.95,4942287.55,"Pinus strobus","White Pine",94,"Good - Ground Truthed",44.6324603816,-63.5821793702,c(NaN, NaN),"G"
"395","97","September","21","2021","MEGY","SMU campus","97","",NA,NA,"","14.8","G","N","","","",453813.66,4942283.67,"Pseudotsuga menzeisii","Douglas Fir",100,"Good - Ground Truthed",44.6324248566,-63.582296139,c(NaN, NaN),"G"
"396","98","September","21","2021","MEGY","SMU campus","98","",NA,NA,"","47.2","G","N","","","",453811.32,4942291.07,"Acer rubrum","Red Maple",8,"Good - Ground Truthed",44.6324913213,-63.5823263053,c(NaN, NaN),"G"
"397","99","September","21","2021","MEGY","SMU campus","99","",NA,NA,"","8.7","G","N","tethered","","",453810.92,4942295.64,"Tsuga canadensis","Eastern Hemlock",117,"Good - Ground Truthed",44.6325324349,-63.5823317595,c(NaN, NaN),"G"
